,일시,광진구,동대문구,성동구,중랑구,year,month,day,weekday,평균기온(℃),미세먼지농도(㎍/㎥),초미세먼지농도(㎍/㎥),강수량 mm
0,2018-01-01,0.592,0.368,0.58,0.162,2018,1,1,0,-1.3,46.6,22.6,0
1,2018-01-02,0.84,0.614,1.034,0.26,2018,1,2,1,-1.8,43.8,23.2,0
2,2018-01-03,0.828,0.576,0.952,0.288,2018,1,3,2,-4.7,37.2,20.0,0
3,2018-01-04,0.792,0.542,0.914,0.292,2018,1,4,3,-4.7,49.2,26.0,0
4,2018-01-05,0.818,0.602,0.994,0.308,2018,1,5,4,-3.0,64.4,39.4,0
5,2018-01-06,0.618,0.522,0.696,0.228,2018,1,6,5,-2.8,53.2,34.8,0
6,2018-01-07,0.598,0.478,0.606,0.238,2018,1,7,6,-0.8,56.6,40.6,0
7,2018-01-08,0.742,0.528,0.848,0.202,2018,1,8,0,1.3,58.0,39.2,0.9
8,2018-01-09,0.652,0.488,0.838,0.206,2018,1,9,1,-4.2,43.4,20.6,0.5
9,2018-01-10,0.5,0.406,0.636,0.16,2018,1,10,2,-7.5,36.8,15.0,0.3
10,2018-01-11,0.52,0.346,0.596,0.138,2018,1,11,3,-11.1,35.2,24.4,0
11,2018-01-12,0.514,0.318,0.596,0.136,2018,1,12,4,-10.2,26.0,16.4,0
12,2018-01-13,0.492,0.296,0.454,0.188,2018,1,13,5,-4.4,54.6,38.0,0.4
13,2018-01-14,0.496,0.414,0.554,0.17,2018,1,14,6,0.6,71.6,51.8,0
14,2018-01-15,0.722,0.52,0.918,0.26,2018,1,15,0,4.7,73.2,48.8,0.2
15,2018-01-16,0.844,0.63,1.012,0.258,2018,1,16,1,3.5,113.6,80.0,0
16,2018-01-17,0.82,0.59,0.9,0.24,2018,1,17,2,4.5,118.6,88.4,0
17,2018-01-18,0.788,0.638,1.01,0.228,2018,1,18,3,2.1,92.0,58.6,0
18,2018-01-19,0.984,0.634,1.126,0.294,2018,1,19,4,1.0,65.2,29.6,0
19,2018-01-20,0.77,0.486,0.804,0.276,2018,1,20,5,2.2,106.4,60.8,0
20,2018-01-21,0.664,0.448,0.648,0.268,2018,1,21,6,0.4,67.0,34.6,0
21,2018-01-22,0.624,0.396,0.692,0.162,2018,1,22,0,0.2,52.2,29.0,3.3
22,2018-01-23,0.432,0.386,0.636,0.11,2018,1,23,1,-11.7,26.4,12.6,0
23,2018-01-24,0.396,0.302,0.498,0.088,2018,1,24,2,-14.2,31.0,10.2,0
24,2018-01-25,0.444,0.306,0.492,0.098,2018,1,25,3,-14.0,23.8,11.2,0
25,2018-01-26,0.36,0.29,0.526,0.088,2018,1,26,4,-14.8,32.4,19.0,0
26,2018-01-27,0.358,0.278,0.352,0.116,2018,1,27,5,-9.9,47.2,29.0,0
27,2018-01-28,0.316,0.294,0.334,0.128,2018,1,28,6,-6.3,32.4,20.4,0
28,2018-01-29,0.574,0.366,0.62,0.132,2018,1,29,0,-8.5,46.2,15.6,0
29,2018-01-30,0.444,0.288,0.512,0.098,2018,1,30,1,-5.3,43.2,22.0,2.9
30,2018-01-31,0.474,0.338,0.598,0.1,2018,1,31,2,-2.6,41.0,20.2,0
31,2018-02-01,0.726,0.43,0.816,0.202,2018,2,1,3,-4.0,39.6,23.0,0
32,2018-02-02,0.732,0.47,0.886,0.224,2018,2,2,4,-2.4,55.6,33.8,0
33,2018-02-03,0.448,0.312,0.44,0.152,2018,2,3,5,-7.3,37.6,19.8,0.5
34,2018-02-04,0.322,0.244,0.328,0.126,2018,2,4,6,-9.5,31.8,21.4,0
35,2018-02-05,0.522,0.362,0.622,0.144,2018,2,5,0,-9.4,26.8,14.6,0
36,2018-02-06,0.472,0.342,0.592,0.114,2018,2,6,1,-10.1,30.6,18.8,0
37,2018-02-07,0.614,0.43,0.676,0.158,2018,2,7,2,-8.0,42.0,26.4,0
38,2018-02-08,0.706,0.476,0.758,0.174,2018,2,8,3,-4.4,53.6,35.2,0
39,2018-02-09,0.838,0.48,0.946,0.23,2018,2,9,4,0.4,67.6,48.2,0
40,2018-02-10,0.614,0.4,0.606,0.236,2018,2,10,5,-0.5,75.6,42.2,0
41,2018-02-11,0.45,0.28,0.356,0.144,2018,2,11,6,-6.1,54.0,14.8,0
42,2018-02-12,0.652,0.46,0.716,0.178,2018,2,12,0,-5.8,50.4,15.2,0
43,2018-02-13,0.788,0.52,0.892,0.288,2018,2,13,1,-0.8,52.0,17.0,0
44,2018-02-14,0.9,0.55,0.994,0.272,2018,2,14,2,3.5,66.2,30.6,0
45,2018-02-15,0.436,0.332,0.488,0.218,2018,2,15,3,-0.7,38.4,16.0,0
46,2018-02-16,0.318,0.244,0.398,0.192,2018,2,16,4,-1.1,45.4,22.4,0
47,2018-02-17,0.388,0.298,0.442,0.236,2018,2,17,5,-3.0,50.4,12.2,0
48,2018-02-18,0.65,0.368,0.568,0.262,2018,2,18,6,-0.4,36.4,18.0,0
49,2018-02-19,0.954,0.628,1.22,0.32,2018,2,19,0,1.8,62.4,40.8,0
50,2018-02-20,0.958,0.74,1.238,0.302,2018,2,20,1,0.9,62.6,40.2,0
51,2018-02-21,0.946,0.664,1.086,0.338,2018,2,21,2,-0.9,36.8,18.8,0
52,2018-02-22,1.008,0.614,1.134,0.318,2018,2,22,3,1.3,45.4,28.0,0.4
53,2018-02-23,0.744,0.466,0.896,0.246,2018,2,23,4,4.2,89.2,64.4,3.7
54,2018-02-24,0.866,0.624,0.808,0.288,2018,2,24,5,2.4,79.2,55.6,0
55,2018-02-25,0.926,0.588,0.932,0.314,2018,2,25,6,1.9,42.8,29.8,0
56,2018-02-26,1.274,0.828,1.448,0.394,2018,2,26,0,3.1,65.0,43.6,0
57,2018-02-27,1.152,0.756,1.3,0.396,2018,2,27,1,4.2,100.8,67.4,0
58,2018-02-28,0.522,0.354,0.554,0.15,2018,2,28,2,4.6,68.4,44.0,25
59,2018-03-01,0.6,0.474,0.66,0.226,2018,3,1,3,-0.2,40.2,30.8,0.5
60,2018-03-02,1.028,0.75,1.196,0.346,2018,3,2,4,-0.7,67.8,29.8,0
61,2018-03-03,2.12,1.04,1.894,0.598,2018,3,3,5,7.9,60.0,27.8,0
62,2018-03-04,0.616,0.446,0.628,0.26,2018,3,4,6,9.8,30.2,20.2,11.5
63,2018-03-05,1.18,0.746,1.378,0.326,2018,3,5,0,5.5,8.4,5.2,3.5
64,2018-03-06,1.606,1.032,1.87,0.588,2018,3,6,1,4.5,29.8,17.4,0
65,2018-03-07,1.55,0.938,1.612,0.53,2018,3,7,2,6.4,26.4,15.0,0.5
66,2018-03-08,0.952,0.688,1.232,0.334,2018,3,8,3,4.6,33.0,27.6,4
67,2018-03-09,1.612,0.998,1.732,0.606,2018,3,9,4,4.5,48.4,35.6,0
68,2018-03-10,1.73,1.004,1.602,0.606,2018,3,10,5,4.6,48.8,34.4,0
69,2018-03-11,2.144,1.018,1.886,0.712,2018,3,11,6,6.4,56.2,38.0,0
70,2018-03-12,2.136,1.244,2.148,0.688,2018,3,12,0,8.0,97.4,61.2,0
71,2018-03-13,2.608,1.462,2.47,0.798,2018,3,13,1,12.4,74.8,44.4,0
72,2018-03-14,3.622,1.838,3.294,1.0,2018,3,14,2,17.0,23.6,12.8,0
73,2018-03-15,1.08,0.6,1.026,0.336,2018,3,15,3,12.4,20.8,15.6,27
74,2018-03-16,2.276,1.414,2.338,0.756,2018,3,16,4,7.1,12.8,6.4,0
75,2018-03-17,2.616,1.326,2.604,0.806,2018,3,17,5,6.6,30.6,19.2,0
76,2018-03-18,1.716,0.922,1.562,0.564,2018,3,18,6,8.2,57.8,43.0,0.5
77,2018-03-19,1.254,0.848,1.33,0.39,2018,3,19,0,8.0,26.0,19.6,1
78,2018-03-20,1.598,1.094,1.768,0.538,2018,3,20,1,4.7,19.6,8.6,0
79,2018-03-21,1.226,0.724,1.168,0.428,2018,3,21,2,2.1,13.8,6.6,1
80,2018-03-22,2.08,1.274,2.126,0.666,2018,3,22,3,4.9,42.25,27.75,0
81,2018-03-23,2.372,1.368,2.444,0.854,2018,3,23,4,6.1,65.0,50.75,0
82,2018-03-24,1.94,1.168,1.9,0.718,2018,3,24,5,7.6,115.5,90.0,0
83,2018-03-25,2.158,1.036,1.674,0.72,2018,3,25,6,9.6,120.0,101.0,0
84,2018-03-26,2.146,1.242,2.154,0.674,2018,3,26,0,11.0,106.5,74.0,0
85,2018-03-27,2.352,1.53,2.3,0.802,2018,3,27,1,13.3,94.8,59.4,0
86,2018-03-28,2.986,1.718,2.962,1.012,2018,3,28,2,14.0,57.0,38.0,0
87,2018-03-29,2.972,1.79,2.788,1.062,2018,3,29,3,15.4,60.8,42.4,0
88,2018-03-30,3.376,1.886,3.14,1.168,2018,3,30,4,14.8,64.2,37.0,0
89,2018-03-31,3.476,1.852,3.276,1.144,2018,3,31,5,14.0,58.8,31.2,0
90,2018-04-01,3.078,1.66,3.134,1.156,2018,4,1,6,15.6,71.2,35.8,0
91,2018-04-02,3.824,2.186,3.558,1.448,2018,4,2,0,18.4,73.4,28.8,0
92,2018-04-03,3.728,2.08,3.446,1.41,2018,4,3,1,17.8,72.0,20.8,0.1
93,2018-04-04,3.488,1.952,3.502,1.122,2018,4,4,2,13.4,12.8,7.2,18.5
94,2018-04-05,0.412,0.244,0.414,0.13,2018,4,5,3,7.6,5.8,4.0,10.5
95,2018-04-06,1.76,1.032,1.85,0.638,2018,4,6,4,5.8,123.6,24.8,6.5
96,2018-04-07,1.474,1.036,1.588,0.772,2018,4,7,5,4.2,50.2,23.6,0.2
97,2018-04-08,0.872,0.616,0.926,0.368,2018,4,8,6,3.9,26.0,14.6,3
98,2018-04-09,3.014,1.798,2.964,1.162,2018,4,9,0,7.9,37.6,22.8,0
99,2018-04-10,2.62,1.564,2.508,0.928,2018,4,10,1,15.1,45.4,19.4,5
100,2018-04-11,3.192,1.968,3.12,1.204,2018,4,11,2,12.6,64.2,24.8,0
101,2018-04-12,3.68,2.152,3.86,1.246,2018,4,12,3,13.3,45.2,14.8,0
102,2018-04-13,3.866,2.092,3.78,1.35,2018,4,13,4,14.6,35.8,14.4,0
103,2018-04-14,0.976,0.674,0.862,0.462,2018,4,14,5,9.0,20.4,12.2,9
104,2018-04-15,1.554,0.912,1.488,0.73,2018,4,15,6,9.5,77.6,21.6,0
105,2018-04-16,3.718,2.156,3.822,1.32,2018,4,16,0,11.6,39.2,22.4,0
106,2018-04-17,3.702,2.264,3.546,1.402,2018,4,17,1,12.9,62.0,30.6,0
107,2018-04-18,3.134,1.98,3.042,1.138,2018,4,18,2,12.4,79.0,35.4,0
108,2018-04-19,2.734,1.472,2.564,0.974,2018,4,19,3,14.0,87.8,41.8,0
109,2018-04-20,3.874,2.008,3.524,1.346,2018,4,20,4,18.4,107.6,56.0,0
110,2018-04-21,4.66,2.214,4.204,1.584,2018,4,21,5,18.7,78.8,44.0,0
111,2018-04-22,1.216,0.606,1.056,0.54,2018,4,22,6,15.5,39.0,22.0,15.5
112,2018-04-23,0.144,0.086,0.114,0.036,2018,4,23,0,9.3,7.6,6.0,59
113,2018-04-24,2.784,1.864,2.922,1.084,2018,4,24,1,12.1,7.0,5.0,3
114,2018-04-25,4.304,2.368,3.93,1.716,2018,4,25,2,14.6,34.0,25.25,0
115,2018-04-26,4.542,2.426,4.164,1.512,2018,4,26,3,14.9,45.8,31.8,0
116,2018-04-27,4.354,2.38,4.014,1.598,2018,4,27,4,15.7,56.0,38.2,0
117,2018-04-28,4.73,2.112,3.97,1.712,2018,4,28,5,15.4,62.8,41.0,0
118,2018-04-29,4.602,2.164,4.502,1.844,2018,4,29,6,16.2,56.8,33.2,0
119,2018-04-30,4.91,2.328,4.07,1.59,2018,4,30,0,19.2,83.4,59.0,0
120,2018-05-01,5.12,2.476,4.322,1.914,2018,5,1,1,20.4,63.0,46.6,0
121,2018-05-02,1.332,0.664,1.042,0.4,2018,5,2,2,15.1,43.2,33.6,12
122,2018-05-03,3.034,1.936,3.074,1.34,2018,5,3,3,11.2,28.4,15.4,1
123,2018-05-04,4.418,2.422,4.01,1.662,2018,5,4,4,14.1,42.4,17.4,0
124,2018-05-05,5.342,2.266,4.46,1.632,2018,5,5,5,18.3,39.4,18.8,0
125,2018-05-06,2.656,1.12,2.328,1.036,2018,5,6,6,16.6,13.8,8.8,22
126,2018-05-07,5.57,2.394,5.198,2.082,2018,5,7,0,19.2,35.0,18.2,0
127,2018-05-08,4.272,2.486,4.058,1.608,2018,5,8,1,17.5,16.0,6.4,0
128,2018-05-09,5.064,2.732,4.694,1.972,2018,5,9,2,15.7,21.2,7.4,0
129,2018-05-10,5.038,2.756,4.32,1.908,2018,5,10,3,15.4,41.6,22.0,0
130,2018-05-11,4.404,2.634,4.048,1.87,2018,5,11,4,16.1,58.4,36.2,0
131,2018-05-12,0.44,0.314,0.402,0.236,2018,5,12,5,14.2,29.0,18.6,32
132,2018-05-13,4.602,2.186,4.358,1.838,2018,5,13,6,15.8,21.2,14.8,0.5
133,2018-05-14,4.924,2.754,4.502,1.786,2018,5,14,0,18.2,67.8,49.4,0
134,2018-05-15,4.282,2.69,4.374,1.766,2018,5,15,1,23.2,74.4,51.6,0
135,2018-05-16,1.152,0.656,1.138,0.394,2018,5,16,2,22.3,36.8,24.4,45
136,2018-05-17,0.508,0.342,0.504,0.168,2018,5,17,3,20.9,13.4,8.4,83
137,2018-05-18,2.306,1.39,2.194,0.936,2018,5,18,4,16.3,8.8,4.2,6.5
138,2018-05-19,5.662,2.786,5.072,2.142,2018,5,19,5,17.6,9.6,3.6,0
139,2018-05-20,4.922,2.314,4.674,2.106,2018,5,20,6,17.0,9.6,4.4,0
140,2018-05-21,5.644,2.842,5.138,2.086,2018,5,21,0,17.8,17.2,9.6,0
141,2018-05-22,2.184,1.25,2.184,0.948,2018,5,22,1,18.1,34.6,22.4,12.5
142,2018-05-23,4.458,2.526,4.346,1.808,2018,5,23,2,17.3,46.2,10.2,6.5
143,2018-05-24,4.884,2.77,4.36,1.85,2018,5,24,3,18.3,93.6,24.0,0
144,2018-05-25,4.924,2.632,4.308,1.964,2018,5,25,4,19.7,90.4,33.0,0
145,2018-05-26,5.092,2.55,4.688,2.056,2018,5,26,5,21.8,78.6,36.4,0
146,2018-05-27,5.196,2.418,4.612,2.1,2018,5,27,6,20.3,66.8,27.8,0
147,2018-05-28,5.234,2.956,4.728,2.056,2018,5,28,0,22.3,49.4,25.0,0
148,2018-05-29,3.556,2.464,3.568,1.602,2018,5,29,1,21.4,40.8,26.4,1
149,2018-05-30,5.07,2.69,4.65,2.062,2018,5,30,2,20.2,42.2,23.2,0
150,2018-05-31,5.182,2.994,4.968,2.062,2018,5,31,3,20.9,42.8,24.0,0
151,2018-06-01,5.338,2.85,4.966,2.166,2018,6,1,4,23.8,44.2,22.8,0
152,2018-06-02,5.59,2.618,4.624,2.058,2018,6,2,5,23.4,40.4,21.8,0
153,2018-06-03,5.24,2.472,4.758,2.078,2018,6,3,6,24.0,31.0,19.6,0
154,2018-06-04,5.598,3.168,4.664,2.126,2018,6,4,0,22.6,42.6,27.0,0
155,2018-06-05,5.364,3.162,4.608,2.296,2018,6,5,1,23.7,44.2,31.2,0
156,2018-06-06,5.274,2.518,4.844,2.122,2018,6,6,2,23.0,49.0,33.8,0
157,2018-06-07,5.372,3.044,4.76,2.15,2018,6,7,3,22.2,46.0,32.4,0
158,2018-06-08,5.678,3.176,5.09,2.346,2018,6,8,4,21.9,34.4,22.2,0
159,2018-06-09,4.358,2.426,3.788,1.954,2018,6,9,5,23.7,35.4,21.8,0.5
160,2018-06-10,4.836,2.514,4.476,2.098,2018,6,10,6,21.3,7.6,3.8,0.5
161,2018-06-11,4.37,2.464,3.534,1.656,2018,6,11,0,20.2,10.4,4.0,5
162,2018-06-12,5.744,3.194,5.25,2.27,2018,6,12,1,21.3,16.0,7.4,0
163,2018-06-13,6.256,3.358,5.558,2.664,2018,6,13,2,22.0,29.0,18.6,0
164,2018-06-14,4.038,2.08,3.312,1.486,2018,6,14,3,21.6,27.8,18.8,29
165,2018-06-15,5.622,3.132,4.958,2.198,2018,6,15,4,21.7,13.8,6.4,16.5
166,2018-06-16,6.152,2.954,4.976,2.454,2018,6,16,5,22.5,21.8,10.6,0
167,2018-06-17,5.798,2.888,4.814,2.38,2018,6,17,6,22.8,48.8,31.6,0
168,2018-06-18,4.672,2.686,4.056,1.934,2018,6,18,0,24.8,42.0,27.2,0
169,2018-06-19,5.656,3.38,5.16,2.536,2018,6,19,1,22.4,40.6,26.6,0
170,2018-06-20,5.674,3.394,4.978,2.424,2018,6,20,2,22.7,42.8,29.0,0
171,2018-06-21,6.198,3.508,5.184,2.438,2018,6,21,3,23.7,39.2,23.8,0
172,2018-06-22,6.108,3.228,4.972,2.568,2018,6,22,4,25.0,42.0,25.4,0
173,2018-06-23,5.684,3.088,5.048,2.496,2018,6,23,5,24.5,38.6,22.8,0
174,2018-06-24,5.258,2.58,4.494,2.01,2018,6,24,6,25.2,62.0,36.6,0
175,2018-06-25,5.752,3.314,5.252,2.534,2018,6,25,0,27.1,58.8,35.4,0
176,2018-06-26,0.74,0.502,0.704,0.492,2018,6,26,1,22.3,49.2,34.0,71.5
177,2018-06-27,4.816,2.754,4.638,2.178,2018,6,27,2,22.3,26.0,19.2,1
178,2018-06-28,3.366,2.138,2.938,1.492,2018,6,28,3,23.3,20.2,14.0,26.5
179,2018-06-29,4.992,2.772,4.698,2.138,2018,6,29,4,24.7,36.2,25.2,6.5
180,2018-06-30,3.318,2.01,2.814,1.53,2018,6,30,5,24.4,48.0,32.8,14.5
181,2018-07-01,0.506,0.31,0.464,0.312,2018,7,1,6,21.9,10.8,6.0,83.5
182,2018-07-02,0.468,0.318,0.602,0.246,2018,7,2,0,22.6,8.4,5.6,59.5
183,2018-07-03,4.802,2.778,4.548,2.224,2018,7,3,1,27.4,11.8,6.8,0.1
184,2018-07-04,5.44,3.104,4.94,2.364,2018,7,4,2,27.3,22.0,12.2,0
185,2018-07-05,4.848,2.856,4.304,2.162,2018,7,5,3,25.3,17.4,12.2,0.5
186,2018-07-06,6.028,3.444,5.46,2.5,2018,7,6,4,23.9,6.0,2.4,0
187,2018-07-07,6.11,3.01,5.444,2.594,2018,7,7,5,23.7,8.0,2.8,0
188,2018-07-08,6.502,2.99,5.15,2.372,2018,7,8,6,23.3,10.4,4.8,0
189,2018-07-09,1.016,0.562,0.834,0.414,2018,7,9,0,20.8,8.6,4.0,14
190,2018-07-10,3.242,1.826,2.812,1.334,2018,7,10,1,23.7,20.6,11.4,16.5
191,2018-07-11,4.512,2.386,3.854,1.732,2018,7,11,2,26.8,30.4,17.8,3
192,2018-07-12,5.434,3.014,4.992,2.444,2018,7,12,3,26.6,27.6,15.8,1
193,2018-07-13,5.408,3.036,4.848,2.39,2018,7,13,4,27.3,21.2,13.6,0
194,2018-07-14,4.964,2.622,3.928,2.196,2018,7,14,5,27.9,18.4,12.0,0
195,2018-07-15,4.286,2.306,3.494,1.864,2018,7,15,6,28.3,21.6,15.8,0
196,2018-07-16,5.27,2.962,4.328,2.082,2018,7,16,0,28.7,25.8,18.2,0
197,2018-07-17,5.146,3.042,4.662,2.31,2018,7,17,1,28.1,29.6,22.4,0
198,2018-07-18,5.158,3.08,4.556,2.236,2018,7,18,2,28.2,33.4,24.8,0
199,2018-07-19,5.13,3.154,4.332,2.256,2018,7,19,3,28.7,30.4,21.6,0
200,2018-07-20,4.844,2.934,4.244,2.22,2018,7,20,4,29.5,36.2,24.8,0
201,2018-07-21,4.098,2.346,3.214,1.86,2018,7,21,5,30.6,40.8,28.2,0
202,2018-07-22,3.706,1.852,2.78,1.616,2018,7,22,6,31.8,29.8,21.0,0
203,2018-07-23,4.828,2.696,4.362,1.974,2018,7,23,0,31.7,31.0,19.8,0
204,2018-07-24,4.614,2.66,4.11,2.016,2018,7,24,1,31.4,43.4,29.4,0
205,2018-07-25,4.612,2.714,4.284,2.1,2018,7,25,2,30.1,30.8,20.6,0
206,2018-07-26,4.626,2.618,4.066,2.068,2018,7,26,3,30.1,40.8,26.2,0
207,2018-07-27,3.904,2.356,3.732,1.974,2018,7,27,4,30.9,51.2,34.8,0
208,2018-07-28,3.252,1.808,2.416,1.57,2018,7,28,5,29.5,38.2,27.2,7.5
209,2018-07-29,3.656,1.95,2.962,1.544,2018,7,29,6,31.3,16.6,11.8,0
210,2018-07-30,4.62,2.568,4.042,1.892,2018,7,30,0,31.7,9.6,5.4,0
211,2018-07-31,4.414,2.412,3.906,1.896,2018,7,31,1,32.6,15.8,9.0,0
212,2018-08-01,3.874,2.236,3.426,1.62,2018,8,1,2,33.6,31.0,19.2,0
213,2018-08-02,3.966,2.194,3.364,1.656,2018,8,2,3,33.7,38.4,27.4,0
214,2018-08-03,3.832,2.262,3.606,1.71,2018,8,3,4,33.1,42.6,32.6,0
215,2018-08-04,3.636,1.856,2.824,1.536,2018,8,4,5,31.1,26.0,18.6,0
216,2018-08-05,3.522,1.744,2.828,1.48,2018,8,5,6,30.0,24.2,16.4,2
217,2018-08-06,3.48,2.246,3.028,1.69,2018,8,6,0,30.5,26.8,18.4,6.5
218,2018-08-07,4.564,2.606,4.046,1.85,2018,8,7,1,30.5,19.0,12.4,0
219,2018-08-08,4.7,2.57,3.86,2.028,2018,8,8,2,31.0,26.0,17.8,0
220,2018-08-09,3.714,2.124,3.248,1.782,2018,8,9,3,28.8,22.0,16.4,2
221,2018-08-10,4.604,2.57,3.902,1.968,2018,8,10,4,30.7,14.8,8.8,0
222,2018-08-11,4.242,2.28,3.216,1.734,2018,8,11,5,31.0,8.6,4.8,0
223,2018-08-12,3.992,1.84,2.732,1.354,2018,8,12,6,30.6,13.2,9.2,5
224,2018-08-13,4.642,2.538,3.97,1.782,2018,8,13,0,30.5,31.4,23.2,1
225,2018-08-14,4.67,2.766,4.028,1.95,2018,8,14,1,31.7,28.4,20.2,0
226,2018-08-15,3.304,1.864,2.836,1.45,2018,8,15,2,31.7,27.8,20.2,1
227,2018-08-16,5.412,2.99,4.552,2.192,2018,8,16,3,29.9,15.2,8.6,0
228,2018-08-17,6.114,3.232,5.272,2.288,2018,8,17,4,27.2,12.0,4.8,0
229,2018-08-18,6.202,2.842,5.138,2.382,2018,8,18,5,26.7,15.2,6.0,0
230,2018-08-19,5.626,2.84,4.698,2.316,2018,8,19,6,28.2,22.0,12.0,0
231,2018-08-20,5.216,3.124,4.93,2.242,2018,8,20,0,29.1,31.8,20.0,0
232,2018-08-21,5.028,3.11,4.512,2.102,2018,8,21,1,26.6,22.4,13.2,5
233,2018-08-22,5.446,3.134,4.72,2.124,2018,8,22,2,30.7,23.2,13.8,0
234,2018-08-23,2.892,1.656,2.43,1.334,2018,8,23,3,29.4,12.2,6.2,3
235,2018-08-24,1.85,1.122,1.658,0.722,2018,8,24,4,24.4,7.6,4.2,7.5
236,2018-08-25,5.794,3.19,5.258,2.396,2018,8,25,5,25.2,22.2,11.8,0
237,2018-08-26,3.844,2.09,3.322,1.728,2018,8,26,6,23.2,16.2,9.8,2
238,2018-08-27,2.888,1.688,2.458,1.164,2018,8,27,0,22.7,8.4,4.6,19.5
239,2018-08-28,1.798,1.05,1.364,0.816,2018,8,28,1,23.7,8.6,4.4,96.5
240,2018-08-29,1.752,0.88,1.318,0.52,2018,8,29,2,25.2,12.6,6.8,42
241,2018-08-30,4.33,1.918,3.356,1.37,2018,8,30,3,25.3,26.0,17.6,9.5
242,2018-08-31,5.86,3.156,5.14,2.174,2018,8,31,4,25.6,24.0,13.8,0.1
243,2018-09-01,5.654,2.99,4.616,2.274,2018,9,1,5,25.5,18.2,8.6,0
244,2018-09-02,6.662,3.178,5.676,2.522,2018,9,2,6,25.1,11.8,5.2,0
245,2018-09-03,2.404,1.374,1.74,0.894,2018,9,3,0,23.3,13.6,6.6,34.5
246,2018-09-04,6.474,3.502,5.43,2.49,2018,9,4,1,23.2,16.2,6.8,0
247,2018-09-05,7.338,3.898,5.862,2.748,2018,9,5,2,24.0,25.6,9.4,0
248,2018-09-06,5.384,3.44,4.426,2.046,2018,9,6,3,24.1,32.6,17.6,1
249,2018-09-07,6.992,3.81,6.048,2.754,2018,9,7,4,22.0,24.4,11.4,0.5
250,2018-09-08,7.328,3.566,6.212,2.854,2018,9,8,5,21.7,24.0,9.2,0
251,2018-09-09,6.908,3.468,5.716,2.684,2018,9,9,6,22.2,18.8,8.8,0
252,2018-09-10,7.156,3.962,5.764,2.906,2018,9,10,0,22.9,11.2,4.4,0
253,2018-09-11,7.036,3.99,5.52,2.918,2018,9,11,1,21.6,12.2,4.4,0
254,2018-09-12,7.606,3.962,6.028,2.994,2018,9,12,2,22.8,15.2,6.0,0
255,2018-09-13,6.988,4.006,5.792,2.952,2018,9,13,3,23.5,17.8,8.2,0
256,2018-09-14,5.812,3.646,5.25,2.704,2018,9,14,4,23.5,17.0,9.2,0.5
257,2018-09-15,5.852,3.066,4.85,2.4,2018,9,15,5,23.3,11.8,5.4,0.2
258,2018-09-16,3.168,1.716,2.57,1.53,2018,9,16,6,22.2,33.4,22.4,2
259,2018-09-17,6.8,3.962,5.712,3.006,2018,9,17,0,22.3,25.8,13.6,0.1
260,2018-09-18,7.248,4.21,5.912,2.886,2018,9,18,1,22.0,34.8,16.0,0
261,2018-09-19,5.88,3.488,4.818,2.462,2018,9,19,2,22.1,38.0,17.8,0.2
262,2018-09-20,2.96,2.02,2.446,1.25,2018,9,20,3,19.0,14.8,7.8,5
263,2018-09-21,3.892,2.35,2.966,1.728,2018,9,21,4,19.4,7.4,2.8,18
264,2018-09-22,6.262,2.964,5.302,2.668,2018,9,22,5,20.8,28.6,10.4,6.5
265,2018-09-23,4.47,2.286,4.13,2.062,2018,9,23,6,19.4,27.2,9.2,0
266,2018-09-24,4.374,1.9,3.996,2.008,2018,9,24,0,17.6,12.8,5.2,0
267,2018-09-25,6.29,2.586,5.224,2.34,2018,9,25,1,17.8,13.2,6.2,0
268,2018-09-26,7.42,3.214,6.522,2.726,2018,9,26,2,19.4,6.8,3.8,0
269,2018-09-27,7.838,4.18,6.246,2.866,2018,9,27,3,18.9,8.6,3.8,0
270,2018-09-28,7.628,4.194,6.178,3.088,2018,9,28,4,17.5,12.4,5.2,0
271,2018-09-29,8.014,3.752,6.982,3.08,2018,9,29,5,20.2,15.6,7.0,0
272,2018-09-30,7.148,3.676,5.948,2.694,2018,9,30,6,17.6,18.6,8.4,0
273,2018-10-01,6.446,3.948,5.258,2.744,2018,10,1,0,15.4,18.0,7.4,0
274,2018-10-02,7.14,3.944,5.972,3.058,2018,10,2,1,15.9,25.0,11.8,0
275,2018-10-03,8.724,3.982,6.936,3.128,2018,10,3,2,17.3,29.8,15.0,0
276,2018-10-04,7.52,3.996,6.198,2.992,2018,10,4,3,19.3,19.8,10.2,0
277,2018-10-05,1.076,0.552,0.664,0.462,2018,10,5,4,16.9,10.2,4.6,36.5
278,2018-10-06,3.698,2.004,3.458,1.502,2018,10,6,5,18.0,5.2,2.6,55.5
279,2018-10-07,7.168,3.748,6.23,2.732,2018,10,7,6,16.4,24.0,9.4,0
280,2018-10-08,7.306,3.908,6.006,2.744,2018,10,8,0,14.8,22.2,7.2,0
281,2018-10-09,7.552,3.882,6.854,2.708,2018,10,9,1,15.3,23.6,9.2,0
282,2018-10-10,5.486,3.28,4.552,2.224,2018,10,10,2,12.0,16.8,8.8,7
283,2018-10-11,5.416,3.432,4.518,2.178,2018,10,11,3,9.7,16.2,6.6,0
284,2018-10-12,5.634,3.306,4.674,2.326,2018,10,12,4,10.9,24.4,11.6,0
285,2018-10-13,5.99,3.274,5.22,2.372,2018,10,13,5,12.5,30.4,17.2,0
286,2018-10-14,5.804,3.042,4.948,2.436,2018,10,14,6,13.2,30.8,18.6,0
287,2018-10-15,6.32,3.606,5.118,2.512,2018,10,15,0,15.2,56.0,33.4,0
288,2018-10-16,6.152,3.616,5.204,2.394,2018,10,16,1,14.5,52.6,29.0,0
289,2018-10-17,5.858,3.624,4.884,2.546,2018,10,17,2,12.4,34.8,18.2,0
290,2018-10-18,5.816,3.642,4.82,2.498,2018,10,18,3,12.7,15.0,6.8,0
291,2018-10-19,6.032,3.7,5.132,2.67,2018,10,19,4,13.1,19.2,8.2,0
292,2018-10-20,5.998,3.452,4.826,2.598,2018,10,20,5,13.4,37.6,18.0,0
293,2018-10-21,5.83,2.99,4.978,2.366,2018,10,21,6,13.4,36.0,20.2,0
294,2018-10-22,6.424,3.63,4.908,2.398,2018,10,22,0,14.0,48.4,28.8,0
295,2018-10-23,4.714,2.846,3.742,2.022,2018,10,23,1,12.2,47.8,26.8,5
296,2018-10-24,6.232,3.5,5.002,2.608,2018,10,24,2,12.5,39.0,16.8,0
297,2018-10-25,6.446,3.728,5.05,2.552,2018,10,25,3,13.8,37.2,17.6,0
298,2018-10-26,2.996,1.976,2.462,1.342,2018,10,26,4,12.2,33.8,17.0,11
299,2018-10-27,3.826,2.436,3.406,1.824,2018,10,27,5,8.7,25.8,5.0,0
300,2018-10-28,2.49,1.408,1.97,1.018,2018,10,28,6,8.3,12.8,6.6,5.5
301,2018-10-29,4.36,2.718,3.686,1.794,2018,10,29,0,7.2,16.4,6.8,0
302,2018-10-30,4.454,2.882,3.794,1.812,2018,10,30,1,6.1,20.6,9.6,0
303,2018-10-31,4.752,2.97,3.922,1.878,2018,10,31,2,7.4,22.0,10.8,0
304,2018-11-01,5.112,3.046,4.38,2.096,2018,11,1,3,8.4,38.0,20.0,0
305,2018-11-02,5.5,3.302,4.648,2.132,2018,11,2,4,10.6,42.6,23.8,0
306,2018-11-03,5.074,2.89,4.058,1.954,2018,11,3,5,11.2,51.6,31.8,0
307,2018-11-04,4.796,2.82,4.248,1.952,2018,11,4,6,11.6,44.0,28.4,0
308,2018-11-05,5.122,3.282,4.478,2.27,2018,11,5,0,11.9,57.2,35.2,0
309,2018-11-06,4.956,3.048,4.152,2.188,2018,11,6,1,12.2,96.0,64.0,0
310,2018-11-07,3.778,2.364,3.048,1.546,2018,11,7,2,12.8,55.6,39.0,2
311,2018-11-08,0.344,0.24,0.286,0.162,2018,11,8,3,11.8,7.4,4.0,64
312,2018-11-09,4.012,2.554,3.562,1.698,2018,11,9,4,12.1,39.0,22.4,1
313,2018-11-10,3.862,2.4,3.2,1.81,2018,11,10,5,11.9,71.0,44.2,0
314,2018-11-11,2.94,1.902,2.174,1.368,2018,11,11,6,8.1,65.8,40.4,0
315,2018-11-12,4.836,2.97,3.946,1.938,2018,11,12,0,8.1,28.0,14.8,0
316,2018-11-13,4.916,3.13,4.248,2.172,2018,11,13,1,8.8,39.6,22.8,0
317,2018-11-14,5.12,3.278,4.37,2.138,2018,11,14,2,9.8,32.6,20.0,0
318,2018-11-15,4.902,2.902,4.22,2.08,2018,11,15,3,9.7,44.6,28.2,0
319,2018-11-16,4.656,2.974,3.69,1.96,2018,11,16,4,8.8,55.6,38.0,0
320,2018-11-17,3.574,2.056,2.682,1.554,2018,11,17,5,4.9,33.4,18.8,0
321,2018-11-18,3.294,1.956,2.51,1.416,2018,11,18,6,6.1,37.2,23.6,0
322,2018-11-19,4.462,2.77,3.6,1.676,2018,11,19,0,6.5,56.0,31.0,0
323,2018-11-20,4.452,2.688,3.702,1.642,2018,11,20,1,6.5,47.2,18.4,0.2
324,2018-11-21,3.572,2.14,2.84,1.51,2018,11,21,2,5.8,34.4,16.0,1
325,2018-11-22,3.77,2.26,3.058,1.514,2018,11,22,3,2.3,20.2,8.4,0
326,2018-11-23,3.752,2.17,3.04,1.462,2018,11,23,4,1.9,25.6,11.8,0
327,2018-11-24,1.44,0.702,1.012,0.57,2018,11,24,5,2.6,20.8,13.0,10.9
328,2018-11-25,2.636,1.4,1.922,0.936,2018,11,25,6,4.8,42.0,31.0,0
329,2018-11-26,4.074,2.472,2.99,1.398,2018,11,26,0,6.3,56.4,36.2,0
330,2018-11-27,3.648,2.218,2.886,1.464,2018,11,27,1,7.1,108.6,48.2,0
331,2018-11-28,3.918,2.304,2.916,1.486,2018,11,28,2,5.0,120.6,21.8,0
332,2018-11-29,3.72,2.21,2.878,1.444,2018,11,29,3,3.5,76.0,20.8,0
333,2018-11-30,3.522,2.206,2.878,1.47,2018,11,30,4,2.7,61.8,22.2,0
334,2018-12-01,2.986,1.746,2.424,1.366,2018,12,1,5,5.5,46.8,22.6,0
335,2018-12-02,2.892,1.612,2.164,1.138,2018,12,2,6,8.2,44.8,22.6,0
336,2018-12-03,1.4,0.682,1.112,0.438,2018,12,3,0,11.5,41.2,21.8,9.5
337,2018-12-04,2.548,1.52,2.134,1.08,2018,12,4,1,6.7,32.0,15.6,5
338,2018-12-05,3.132,1.878,2.342,1.174,2018,12,5,2,0.0,27.0,11.6,0
339,2018-12-06,2.986,1.81,2.408,1.192,2018,12,6,3,2.4,35.2,16.2,0
340,2018-12-07,1.988,1.188,1.522,0.828,2018,12,7,4,-7.3,20.0,8.6,0
341,2018-12-08,1.306,0.83,0.862,0.538,2018,12,8,5,-8.3,21.8,8.2,0
342,2018-12-09,1.252,0.698,0.818,0.51,2018,12,9,6,-7.2,22.4,10.4,0
343,2018-12-10,2.194,1.364,1.75,0.862,2018,12,10,0,-2.5,35.0,18.0,0
344,2018-12-11,2.564,1.522,2.186,1.024,2018,12,11,1,0.2,36.6,21.2,0
345,2018-12-12,2.372,1.482,2.018,0.892,2018,12,12,2,-1.9,43.8,22.8,0
346,2018-12-13,1.508,0.964,1.28,0.666,2018,12,13,3,-2.2,37.4,22.6,1.3
347,2018-12-14,1.826,1.176,1.648,0.792,2018,12,14,4,-4.4,32.4,17.8,0
348,2018-12-15,1.562,1.108,1.136,0.672,2018,12,15,5,-2.4,53.4,36.4,0
349,2018-12-16,1.286,0.942,1.082,0.604,2018,12,16,6,0.0,51.2,38.8,0.3
350,2018-12-17,2.158,1.324,1.978,0.872,2018,12,17,0,1.6,68.2,46.0,0.3
351,2018-12-18,2.522,1.62,2.156,0.91,2018,12,18,1,2.6,45.0,27.0,0
352,2018-12-19,2.65,1.634,2.342,1.0,2018,12,19,2,4.0,50.0,31.4,0
353,2018-12-20,2.64,1.744,2.458,1.058,2018,12,20,3,3.4,54.2,35.0,0
354,2018-12-21,2.648,1.674,2.472,1.094,2018,12,21,4,5.6,71.0,46.6,0
355,2018-12-22,1.958,1.312,1.516,0.952,2018,12,22,5,6.9,82.4,60.0,0
356,2018-12-23,1.6,1.09,1.198,0.74,2018,12,23,6,2.4,50.0,29.2,0
357,2018-12-24,1.872,1.068,1.752,0.86,2018,12,24,0,-2.3,22.0,12.0,0
358,2018-12-25,1.502,0.93,1.162,0.708,2018,12,25,1,0.6,33.4,22.0,0
359,2018-12-26,2.162,1.274,1.766,0.894,2018,12,26,2,-1.5,45.0,24.6,0
360,2018-12-27,1.406,0.768,1.12,0.64,2018,12,27,3,-10.1,26.2,8.6,0
361,2018-12-28,1.158,0.712,1.124,0.526,2018,12,28,4,-10.5,32.8,13.8,0
362,2018-12-29,0.956,0.59,0.726,0.462,2018,12,29,5,-7.6,35.6,9.4,0
363,2018-12-30,0.998,0.56,0.746,0.46,2018,12,30,6,-6.8,31.0,18.4,0
364,2018-12-31,1.394,0.828,1.206,0.604,2018,12,31,0,-5.4,46.0,32.0,0
365,2019-01-01,1.108,0.618,0.744,0.47,2019,1,1,1,-5.0,37.6,27.0,0
366,2019-01-02,1.678,1.066,1.514,0.696,2019,1,2,2,-4.9,33.4,23.8,0
367,2019-01-03,1.906,1.232,1.78,0.762,2019,1,3,3,-3.5,42.4,29.0,0
368,2019-01-04,2.194,1.202,1.862,0.848,2019,1,4,4,-1.1,60.4,44.2,0
369,2019-01-05,1.598,0.912,1.094,0.748,2019,1,5,5,-2.8,66.4,45.4,0
370,2019-01-06,1.398,0.87,1.018,0.604,2019,1,6,6,-2.8,48.4,25.6,0
371,2019-01-07,2.018,1.164,1.716,0.806,2019,1,7,0,-1.9,56.4,39.2,0
372,2019-01-08,1.944,1.07,1.68,0.816,2019,1,8,1,-3.5,37.2,18.6,0
373,2019-01-09,1.944,1.062,1.666,0.792,2019,1,9,2,-4.7,50.0,23.4,0
374,2019-01-10,2.138,1.22,1.87,0.892,2019,1,10,3,-0.6,62.4,38.4,0
375,2019-01-11,2.396,1.356,2.064,1.018,2019,1,11,4,2.4,73.6,54.4,0
376,2019-01-12,1.908,1.054,1.268,0.798,2019,1,12,5,2.8,91.6,70.6,0
377,2019-01-13,1.576,0.862,1.034,0.69,2019,1,13,6,1.2,109.8,84.2,0
378,2019-01-14,1.874,1.064,1.616,0.668,2019,1,14,0,1.4,164.2,131.4,0
379,2019-01-15,1.798,1.046,1.566,0.67,2019,1,15,1,-1.7,131.8,85.4,0
380,2019-01-16,2.006,1.068,1.614,0.752,2019,1,16,2,-5.2,48.2,19.0,0
381,2019-01-17,2.214,1.244,1.9,0.894,2019,1,17,3,-0.3,40.2,23.2,0
382,2019-01-18,2.266,1.36,1.91,0.864,2019,1,18,4,0.6,60.6,40.2,0
383,2019-01-19,1.924,1.016,1.326,0.782,2019,1,19,5,3.6,95.4,70.6,0
384,2019-01-20,1.486,0.818,0.932,0.678,2019,1,20,6,-1.4,64.2,33.8,0
385,2019-01-21,1.972,1.28,1.75,0.766,2019,1,21,0,-1.2,45.4,23.4,0
386,2019-01-22,2.326,1.408,2.064,0.94,2019,1,22,1,1.7,66.6,35.8,0
387,2019-01-23,2.314,1.244,2.022,0.842,2019,1,23,2,2.0,70.0,43.8,0
388,2019-01-24,2.242,1.394,2.146,0.96,2019,1,24,3,0.1,41.8,22.8,0
389,2019-01-25,2.224,1.29,1.804,0.854,2019,1,25,4,-1.2,49.8,22.8,0
390,2019-01-26,1.646,0.974,1.278,0.768,2019,1,26,5,-2.5,41.0,20.6,0
391,2019-01-27,1.564,0.956,1.152,0.58,2019,1,27,6,-0.1,38.6,24.0,0
392,2019-01-28,1.966,1.22,1.814,0.808,2019,1,28,0,1.2,82.2,24.2,0
393,2019-01-29,2.248,1.484,2.036,0.932,2019,1,29,1,-0.2,67.4,25.2,0
394,2019-01-30,2.534,1.402,2.118,1.052,2019,1,30,2,1.8,64.6,36.4,0
395,2019-01-31,2.028,1.332,1.878,0.844,2019,1,31,3,-2.0,72.2,24.0,0
396,2019-02-01,2.162,1.214,1.764,0.854,2019,2,1,4,-2.1,41.0,19.8,0.3
397,2019-02-02,1.66,0.966,1.324,0.736,2019,2,2,5,1.4,58.6,39.2,0
398,2019-02-03,0.254,0.182,0.188,0.13,2019,2,3,6,3.3,38.8,30.0,16
399,2019-02-04,0.95,0.646,0.774,0.602,2019,2,4,0,-0.6,73.2,39.0,0
400,2019-02-05,1.058,0.602,0.976,0.564,2019,2,5,1,2.8,81.4,29.0,0
401,2019-02-06,1.606,0.854,1.252,0.766,2019,2,6,2,5.1,92.2,35.4,0
402,2019-02-07,1.768,0.944,1.468,0.726,2019,2,7,3,-2.1,60.4,33.8,0.5
403,2019-02-08,1.808,0.988,1.462,0.742,2019,2,8,4,-6.1,32.2,18.8,0
404,2019-02-09,1.518,0.862,1.17,0.72,2019,2,9,5,-5.4,34.6,18.2,0
405,2019-02-10,1.172,0.712,0.798,0.556,2019,2,10,6,-5.0,41.4,25.2,0
406,2019-02-11,2.042,1.202,1.624,0.774,2019,2,11,0,-3.0,39.0,24.6,0
407,2019-02-12,2.286,1.32,1.87,0.884,2019,2,12,1,-0.6,58.2,39.2,0
408,2019-02-13,2.226,1.302,1.994,0.858,2019,2,13,2,-2.1,38.0,22.0,0
409,2019-02-14,2.292,1.268,2.012,0.804,2019,2,14,3,-0.5,50.6,28.8,0
410,2019-02-15,1.134,0.664,1.12,0.456,2019,2,15,4,-0.8,39.0,30.0,2.2
411,2019-02-16,1.596,0.994,1.228,0.706,2019,2,16,5,-2.7,57.8,49.4,0.2
412,2019-02-17,1.742,0.914,1.438,0.75,2019,2,17,6,-1.8,37.4,28.4,0
413,2019-02-18,2.304,1.478,2.086,0.868,2019,2,18,0,0.9,44.4,30.2,0
414,2019-02-19,1.398,0.918,1.098,0.578,2019,2,19,1,1.4,43.4,35.2,4.6
415,2019-02-20,2.302,1.45,2.014,0.968,2019,2,20,2,1.7,61.2,51.8,0
416,2019-02-21,2.736,1.52,2.218,1.022,2019,2,21,3,2.4,81.6,69.4,0
417,2019-02-22,2.61,1.468,2.26,1.014,2019,2,22,4,4.0,75.2,60.2,0
418,2019-02-23,3.04,1.672,2.418,1.104,2019,2,23,5,6.8,53.4,39.4,0
419,2019-02-24,3.004,1.418,2.23,1.048,2019,2,24,6,6.3,60.8,50.4,0
420,2019-02-25,2.842,1.648,2.36,1.106,2019,2,25,0,4.7,86.4,66.4,0
421,2019-02-26,3.36,1.896,2.978,1.304,2019,2,26,1,5.2,56.0,32.2,0
422,2019-02-27,3.522,2.004,2.962,1.404,2019,2,27,2,7.8,68.4,45.4,0
423,2019-02-28,3.254,1.888,2.682,1.388,2019,2,28,3,6.6,90.8,64.8,0
424,2019-03-01,2.734,1.512,2.108,1.142,2019,3,1,4,6.6,117.8,86.2,0
425,2019-03-02,3.07,1.648,2.22,1.162,2019,3,2,5,7.8,114.6,83.6,0
426,2019-03-03,3.214,1.666,2.32,1.294,2019,3,3,6,9.4,103.2,76.0,0
427,2019-03-04,3.62,2.096,2.592,1.404,2019,3,4,0,9.9,152.0,108.8,0
428,2019-03-05,3.236,1.9,2.552,1.184,2019,3,5,1,8.4,188.0,140.4,0
429,2019-03-06,3.29,2.092,2.566,1.286,2019,3,6,2,8.4,137.6,99.8,0
430,2019-03-07,4.146,2.246,3.248,1.594,2019,3,7,3,7.0,52.8,36.8,0
431,2019-03-08,4.034,2.206,3.506,1.6,2019,3,8,4,6.1,49.6,29.8,0
432,2019-03-09,4.272,2.164,3.21,1.518,2019,3,9,5,7.2,45.4,30.2,0
433,2019-03-10,4.158,1.888,3.21,1.534,2019,3,10,6,10.1,49.0,34.4,0
434,2019-03-11,3.746,2.256,3.156,1.544,2019,3,11,0,6.6,69.0,45.6,0
435,2019-03-12,3.126,1.898,2.646,1.192,2019,3,12,1,3.9,83.0,52.2,0
436,2019-03-13,3.688,2.04,2.972,1.328,2019,3,13,2,3.5,40.0,12.2,0
437,2019-03-14,4.138,2.24,3.17,1.492,2019,3,14,3,5.0,41.6,20.2,0
438,2019-03-15,2.772,1.568,1.998,0.988,2019,3,15,4,5.5,56.0,32.8,3.5
439,2019-03-16,3.336,1.872,2.676,1.336,2019,3,16,5,4.3,39.4,29.4,0
440,2019-03-17,4.762,2.314,4.06,1.73,2019,3,17,6,6.3,35.4,23.0,0
441,2019-03-18,4.776,2.686,3.698,1.656,2019,3,18,0,7.1,39.4,24.0,0
442,2019-03-19,5.388,3.138,4.016,1.898,2019,3,19,1,10.0,68.6,45.2,0
443,2019-03-20,2.252,1.24,1.57,0.878,2019,3,20,2,10.3,96.4,71.0,16.5
444,2019-03-21,3.456,1.944,2.718,1.136,2019,3,21,3,7.1,33.6,26.8,3.3
445,2019-03-22,4.06,2.498,3.156,1.594,2019,3,22,4,3.3,35.2,20.8,0
446,2019-03-23,2.664,1.632,2.11,1.138,2019,3,23,5,3.3,23.0,15.6,1.7
447,2019-03-24,4.184,2.072,3.1,1.456,2019,3,24,6,4.3,25.4,14.0,0
448,2019-03-25,4.564,2.55,3.426,1.522,2019,3,25,0,7.3,47.4,29.2,0
449,2019-03-26,5.606,3.016,4.2,1.972,2019,3,26,1,11.4,59.4,36.2,0
450,2019-03-27,4.836,2.692,3.518,1.744,2019,3,27,2,11.6,93.2,60.6,0
451,2019-03-28,5.4,2.948,3.654,1.862,2019,3,28,3,9.4,82.4,51.4,0
452,2019-03-29,5.732,2.966,4.564,2.1,2019,3,29,4,9.2,38.6,20.2,0
453,2019-03-30,1.512,0.9,1.23,0.634,2019,3,30,5,5.2,35.0,24.4,1.8
454,2019-03-31,2.91,1.54,2.008,1.012,2019,3,31,6,4.4,41.2,26.4,0
455,2019-04-01,5.068,2.754,3.784,1.738,2019,4,1,0,5.5,23.0,12.4,0
456,2019-04-02,5.508,2.894,4.188,1.892,2019,4,2,1,6.7,31.8,17.4,0
457,2019-04-03,5.532,2.932,4.316,2.064,2019,4,3,2,7.6,38.2,22.8,0
458,2019-04-04,6.162,3.18,4.572,2.162,2019,4,4,3,9.2,33.8,19.4,0
459,2019-04-05,6.054,2.996,4.592,1.878,2019,4,5,4,11.4,73.0,23.2,0
460,2019-04-06,3.398,1.726,2.404,1.144,2019,4,6,5,9.3,53.4,17.2,0.8
461,2019-04-07,7.436,3.206,6.056,2.452,2019,4,7,6,12.6,32.6,15.6,0
462,2019-04-08,6.604,3.686,5.156,2.308,2019,4,8,0,11.6,34.6,12.0,0
463,2019-04-09,3.432,1.85,2.348,1.126,2019,4,9,1,9.2,22.6,8.4,17.4
464,2019-04-10,3.288,1.894,2.71,1.178,2019,4,10,2,7.1,6.2,4.0,5.6
465,2019-04-11,6.5,3.45,5.056,2.254,2019,4,11,3,9.5,24.6,15.6,0
466,2019-04-12,6.86,3.768,5.236,2.472,2019,4,12,4,11.4,47.6,30.6,0
467,2019-04-13,7.658,3.464,5.676,2.498,2019,4,13,5,11.8,43.0,29.4,0
468,2019-04-14,3.6,1.942,2.584,1.426,2019,4,14,6,9.6,36.2,20.6,1.7
469,2019-04-15,7.194,3.79,5.432,2.376,2019,4,15,0,11.6,46.6,15.8,0
470,2019-04-16,8.132,4.214,5.966,2.732,2019,4,16,1,14.9,42.0,20.0,0
471,2019-04-17,8.584,4.154,6.174,2.832,2019,4,17,2,15.3,38.2,19.4,0
472,2019-04-18,6.822,3.58,4.778,2.448,2019,4,18,3,12.6,38.2,22.4,0
473,2019-04-19,8.114,4.242,5.918,2.9,2019,4,19,4,13.8,38.8,20.2,0
474,2019-04-20,7.328,3.438,5.716,2.41,2019,4,20,5,14.3,45.0,24.8,1.2
475,2019-04-21,7.488,3.328,5.672,2.5,2019,4,21,6,14.8,32.4,24.0,0.3
476,2019-04-22,8.876,4.284,6.398,2.932,2019,4,22,0,19.3,92.2,39.4,0
477,2019-04-23,7.938,4.14,5.564,2.82,2019,4,23,1,20.4,92.8,43.0,0
478,2019-04-24,7.592,3.92,5.538,2.582,2019,4,24,2,19.5,53.4,38.2,4.1
479,2019-04-25,2.936,1.724,2.12,1.274,2019,4,25,3,13.2,34.8,15.6,11.3
480,2019-04-26,3.89,1.992,2.822,1.51,2019,4,26,4,8.4,6.4,4.4,4.9
481,2019-04-27,8.616,3.9,6.94,2.982,2019,4,27,5,11.6,15.8,10.2,0
482,2019-04-28,7.274,3.332,5.736,2.508,2019,4,28,6,12.9,16.2,12.2,0
483,2019-04-29,8.058,4.592,6.326,2.858,2019,4,29,0,13.0,23.0,15.8,0
484,2019-04-30,9.696,4.81,6.91,3.086,2019,4,30,1,15.5,31.2,19.8,0
485,2019-05-01,11.226,5.236,7.792,3.538,2019,5,1,2,16.4,57.8,27.0,0
486,2019-05-02,9.996,4.912,7.23,3.33,2019,5,2,3,17.1,52.6,16.0,0
487,2019-05-03,9.908,4.876,7.548,3.286,2019,5,3,4,17.9,55.8,29.4,0
488,2019-05-04,10.364,4.258,7.064,3.048,2019,5,4,5,19.5,85.6,56.6,0
489,2019-05-05,9.478,4.116,7.332,3.198,2019,5,5,6,19.2,60.0,38.6,0
490,2019-05-06,10.81,4.368,8.524,3.546,2019,5,6,0,14.5,29.6,10.0,0
491,2019-05-07,9.67,5.046,7.04,3.418,2019,5,7,1,15.0,42.8,16.8,0
492,2019-05-08,9.27,5.196,7.104,3.37,2019,5,8,2,15.6,50.0,23.4,0
493,2019-05-09,10.394,5.116,7.352,3.33,2019,5,9,3,16.6,44.8,23.0,0
494,2019-05-10,10.058,5.334,7.538,3.808,2019,5,10,4,17.8,52.8,30.8,0
495,2019-05-11,10.67,4.824,8.206,3.862,2019,5,11,5,20.3,62.2,37.0,0
496,2019-05-12,10.566,4.548,7.78,3.46,2019,5,12,6,21.6,52.2,35.8,0
497,2019-05-13,9.24,5.056,6.59,3.352,2019,5,13,0,18.7,55.4,37.0,0
498,2019-05-14,10.574,5.802,7.7,4.062,2019,5,14,1,19.6,41.6,31.8,0
499,2019-05-15,9.48,5.646,7.184,3.808,2019,5,15,2,20.7,67.4,47.0,0
500,2019-05-16,9.854,5.444,7.592,3.772,2019,5,16,3,23.5,61.8,42.2,0
501,2019-05-17,10.404,5.708,7.908,4.104,2019,5,17,4,23.6,49.4,36.4,0
502,2019-05-18,10.45,5.176,7.858,4.012,2019,5,18,5,22.8,24.4,16.0,0
503,2019-05-19,1.724,0.814,0.976,0.744,2019,5,19,6,19.4,13.2,10.6,22
504,2019-05-20,8.862,5.22,7.002,3.368,2019,5,20,0,16.4,33.0,11.8,8.7
505,2019-05-21,9.952,5.832,7.636,4.064,2019,5,21,1,17.2,48.8,19.2,0
506,2019-05-22,10.63,5.806,7.682,4.052,2019,5,22,2,19.5,51.2,27.0,0
507,2019-05-23,10.08,5.674,7.546,3.932,2019,5,23,3,22.1,65.0,40.4,0
508,2019-05-24,9.296,5.514,7.23,4.086,2019,5,24,4,24.2,80.0,52.8,0
509,2019-05-25,9.924,4.802,6.99,4.45,2019,5,25,5,23.4,77.2,53.8,0
510,2019-05-26,10.04,4.718,7.25,3.866,2019,5,26,6,24.5,36.2,24.2,0
511,2019-05-27,3.9,2.08,2.768,1.4,2019,5,27,0,17.8,21.0,14.0,7.1
512,2019-05-28,9.902,5.956,8.07,4.222,2019,5,28,1,18.1,19.8,7.8,0
513,2019-05-29,10.508,5.828,8.196,4.286,2019,5,29,2,20.3,44.6,21.8,0
514,2019-05-30,9.138,5.272,7.088,3.736,2019,5,30,3,19.6,42.8,23.8,0
515,2019-05-31,10.428,5.874,7.472,4.296,2019,5,31,4,19.1,18.6,10.8,0
516,2019-06-01,10.724,5.204,7.186,4.052,2019,6,1,5,18.9,32.0,24.6,0
517,2019-06-02,10.444,4.968,7.396,3.704,2019,6,2,6,21.1,36.0,24.6,0
518,2019-06-03,10.89,6.05,7.546,4.224,2019,6,3,0,23.1,38.2,23.6,0
519,2019-06-04,10.742,6.24,8.22,4.304,2019,6,4,1,22.6,27.8,20.0,0
520,2019-06-05,10.01,5.802,7.554,4.34,2019,6,5,2,23.0,52.4,39.2,0
521,2019-06-06,4.72,2.736,3.414,2.248,2019,6,6,3,21.2,57.6,42.4,7.5
522,2019-06-07,6.572,3.578,5.12,2.494,2019,6,7,4,20.0,10.6,8.4,35.3
523,2019-06-08,11.138,5.308,7.432,4.278,2019,6,8,5,21.9,23.0,16.0,0
524,2019-06-09,7.784,4.28,5.562,3.142,2019,6,9,6,21.6,37.0,30.6,2.5
525,2019-06-10,8.156,4.62,5.79,3.114,2019,6,10,0,18.4,8.0,5.4,9.5
526,2019-06-11,10.548,6.126,7.79,4.316,2019,6,11,1,20.5,9.8,6.2,0
527,2019-06-12,10.234,6.28,7.108,4.454,2019,6,12,2,21.5,27.0,16.6,0
528,2019-06-13,11.054,6.138,7.05,4.216,2019,6,13,3,23.0,27.8,20.0,0
529,2019-06-14,10.896,5.974,7.398,4.544,2019,6,14,4,23.0,31.8,22.6,0
530,2019-06-15,9.234,4.844,6.004,3.752,2019,6,15,5,21.9,31.0,19.4,2.1
531,2019-06-16,10.998,5.32,8.04,3.946,2019,6,16,6,22.0,15.0,11.0,0
532,2019-06-17,10.674,6.242,8.134,4.288,2019,6,17,0,21.7,21.8,15.4,0
533,2019-06-18,5.768,3.134,4.318,1.762,2019,6,18,1,20.8,27.4,21.4,13.8
534,2019-06-19,10.262,5.574,7.01,3.714,2019,6,19,2,21.4,28.8,24.6,0.2
535,2019-06-20,11.632,6.154,8.36,4.388,2019,6,20,3,22.7,25.8,20.8,0
536,2019-06-21,10.236,5.616,7.812,3.978,2019,6,21,4,22.1,24.8,18.6,0.2
537,2019-06-22,11.234,5.602,8.27,4.31,2019,6,22,5,24.2,9.0,6.0,0
538,2019-06-23,10.24,4.886,7.744,3.866,2019,6,23,6,25.0,10.0,7.8,0
539,2019-06-24,10.468,6.17,8.586,4.568,2019,6,24,0,25.2,20.0,13.8,0
540,2019-06-25,10.684,6.514,8.292,4.444,2019,6,25,1,25.6,29.8,21.2,0
541,2019-06-26,10.132,5.772,7.692,4.466,2019,6,26,2,25.5,32.0,23.8,0
542,2019-06-27,9.886,5.8,7.67,3.924,2019,6,27,3,25.5,22.8,17.4,1.4
543,2019-06-28,9.216,5.52,7.436,3.832,2019,6,28,4,24.7,39.0,33.2,0
544,2019-06-29,8.404,4.202,6.298,3.734,2019,6,29,5,23.1,22.0,18.8,1.5
545,2019-06-30,9.952,5.112,7.236,4.164,2019,6,30,6,23.9,33.6,28.6,0
546,2019-07-01,11.342,6.796,8.638,4.88,2019,7,1,0,23.9,35.2,29.2,0
547,2019-07-02,11.616,6.758,8.866,5.016,2019,7,2,1,24.4,30.0,24.0,0
548,2019-07-03,11.986,6.71,8.916,4.834,2019,7,3,2,24.1,34.8,27.0,0
549,2019-07-04,11.492,6.594,8.714,4.946,2019,7,4,3,25.4,31.6,22.6,0
550,2019-07-05,10.114,5.834,7.724,4.274,2019,7,5,4,27.6,31.2,21.4,0
551,2019-07-06,9.422,4.916,6.438,4.014,2019,7,6,5,29.7,27.4,21.4,0
552,2019-07-07,9.678,5.204,6.894,4.172,2019,7,7,6,26.7,14.6,11.2,0
553,2019-07-08,11.57,6.652,8.704,4.658,2019,7,8,0,25.1,8.6,5.8,0
554,2019-07-09,11.572,6.834,9.302,4.808,2019,7,9,1,25.0,8.8,6.0,0
555,2019-07-10,5.312,3.514,3.956,2.214,2019,7,10,2,22.7,8.6,6.0,8.5
556,2019-07-11,7.154,4.404,6.206,2.986,2019,7,11,3,21.9,6.8,3.8,2.9
557,2019-07-12,11.52,6.5,8.598,4.758,2019,7,12,4,23.6,13.4,9.4,0
558,2019-07-13,10.212,5.35,7.214,4.244,2019,7,13,5,24.9,30.0,26.0,0
559,2019-07-14,9.814,5.004,6.726,3.626,2019,7,14,6,25.9,43.0,37.8,0
560,2019-07-15,6.464,4.35,5.644,3.13,2019,7,15,0,23.8,36.4,29.6,7.7
561,2019-07-16,9.084,5.854,7.73,3.912,2019,7,16,1,24.7,31.0,23.6,6.3
562,2019-07-17,9.25,5.916,7.736,4.332,2019,7,17,2,25.6,63.0,50.0,0.7
563,2019-07-18,9.444,5.98,7.212,4.112,2019,7,18,3,26.9,67.2,53.8,0
564,2019-07-19,9.274,5.758,7.348,4.042,2019,7,19,4,28.6,39.2,30.8,0
565,2019-07-20,7.216,3.774,4.784,3.352,2019,7,20,5,28.0,6.6,4.0,1.1
566,2019-07-21,5.762,3.09,4.486,2.448,2019,7,21,6,25.1,13.8,10.0,6.2
567,2019-07-22,9.81,6.072,7.726,4.082,2019,7,22,0,26.7,45.2,34.2,0.1
568,2019-07-23,9.806,5.868,7.672,4.364,2019,7,23,1,28.1,26.6,18.8,0
569,2019-07-24,7.898,4.574,5.412,3.254,2019,7,24,2,26.5,18.6,13.25,1
570,2019-07-25,4.474,2.776,3.498,1.858,2019,7,25,3,26.3,23.6,16.4,9.7
571,2019-07-26,3.004,1.73,2.084,1.24,2019,7,26,4,25.1,21.4,14.8,60
572,2019-07-27,5.786,3.576,4.588,2.416,2019,7,27,5,28.4,16.2,13.4,0.6
573,2019-07-28,2.95,1.758,2.212,1.324,2019,7,28,6,26.1,12.2,9.4,25.6
574,2019-07-29,8.408,5.074,7.144,3.556,2019,7,29,0,27.5,13.0,7.8,0.5
575,2019-07-30,8.772,5.2,6.88,3.614,2019,7,30,1,28.1,16.0,10.4,1.2
576,2019-07-31,3.44,1.722,2.14,1.19,2019,7,31,2,25.8,15.4,9.2,62.3
577,2019-08-01,7.264,3.95,5.724,2.984,2019,8,1,3,26.3,12.0,7.6,26.9
578,2019-08-02,7.918,4.658,6.302,3.484,2019,8,2,4,28.4,17.8,10.6,0
579,2019-08-03,6.532,3.774,5.07,2.694,2019,8,3,5,29.4,18.6,12.6,3
580,2019-08-04,6.078,2.848,3.992,2.26,2019,8,4,6,28.3,27.4,20.2,8.6
581,2019-08-05,8.208,4.566,6.098,3.506,2019,8,5,0,30.5,37.0,27.8,0
582,2019-08-06,8.096,4.742,5.812,3.506,2019,8,6,1,31.6,25.0,20.0,0
583,2019-08-07,6.086,3.424,4.27,2.706,2019,8,7,2,26.9,21.2,13.8,8
584,2019-08-08,8.576,4.676,6.316,3.59,2019,8,8,3,28.9,37.8,27.0,0
585,2019-08-09,7.796,4.674,6.282,3.61,2019,8,9,4,29.8,26.6,18.0,0
586,2019-08-10,6.878,3.876,5.0,2.96,2019,8,10,5,31.5,21.2,13.8,0
587,2019-08-11,6.282,3.008,4.124,2.522,2019,8,11,6,30.4,15.2,10.8,6.7
588,2019-08-12,3.108,1.796,2.146,1.266,2019,8,12,0,26.6,15.8,12.2,56.2
589,2019-08-13,7.924,4.454,6.136,3.302,2019,8,13,1,29.2,19.6,11.2,6.4
590,2019-08-14,8.56,4.642,6.15,3.456,2019,8,14,2,30.4,15.8,11.0,0
591,2019-08-15,3.484,2.248,2.484,1.676,2019,8,15,3,25.9,7.8,4.8,16.2
592,2019-08-16,9.048,4.804,6.726,3.516,2019,8,16,4,25.9,15.8,9.0,0.1
593,2019-08-17,9.644,4.908,6.796,3.898,2019,8,17,5,25.9,30.8,20.2,0
594,2019-08-18,9.75,4.704,6.982,3.99,2019,8,18,6,25.6,21.8,13.8,0
595,2019-08-19,10.34,5.65,8.076,4.266,2019,8,19,0,26.3,23.6,16.6,0
596,2019-08-20,10.72,5.852,7.736,4.312,2019,8,20,1,28.2,26.8,19.0,0
597,2019-08-21,6.704,3.852,4.668,2.966,2019,8,21,2,27.0,32.6,23.8,1.3
598,2019-08-22,10.754,5.854,7.63,4.348,2019,8,22,3,26.9,38.0,27.6,0
599,2019-08-23,11.324,5.952,8.134,4.394,2019,8,23,4,26.2,30.4,18.8,0
600,2019-08-24,11.938,5.51,8.18,4.638,2019,8,24,5,24.1,20.2,10.6,0
601,2019-08-25,10.942,4.906,7.976,4.052,2019,8,25,6,25.0,19.6,13.4,0
602,2019-08-26,11.198,6.078,8.438,4.342,2019,8,26,0,26.4,24.4,16.4,0
603,2019-08-27,10.328,5.84,7.854,4.266,2019,8,27,1,25.7,24.6,18.4,20
604,2019-08-28,10.488,6.612,8.132,4.9,2019,8,28,2,26.1,30.0,21.2,0
605,2019-08-29,7.0,4.75,5.982,3.69,2019,8,29,3,23.4,27.5,20.4,36.9
606,2019-08-30,9.764,5.428,7.866,3.97,2019,8,30,4,22.6,19.0,11.0,0.2
607,2019-08-31,12.842,6.188,8.534,4.756,2019,8,31,5,23.5,18.8,11.2,0
608,2019-09-01,12.422,5.768,8.542,4.468,2019,9,1,6,23.7,20.6,13.4,0
609,2019-09-02,12.154,6.862,9.112,4.734,2019,9,2,0,24.4,26.4,14.0,0
610,2019-09-03,9.558,6.06,7.336,3.664,2019,9,3,1,24.1,19.8,12.0,0
611,2019-09-04,3.848,2.038,2.518,1.702,2019,9,4,2,22.8,8.2,4.2,22.7
612,2019-09-05,4.036,2.484,3.06,1.864,2019,9,5,3,23.0,8.0,5.2,36.4
613,2019-09-06,2.02,1.396,1.504,1.024,2019,9,6,4,25.3,13.6,8.0,2.4
614,2019-09-07,0.0,0.0,0.0,0.0,2019,9,7,5,25.7,12.2,5.2,2.8
615,2019-09-08,5.83,2.658,4.188,2.482,2019,9,8,6,24.7,33.6,21.8,0
616,2019-09-09,8.448,4.792,6.302,3.222,2019,9,9,0,25.1,35.0,24.4,0
617,2019-09-10,2.808,1.486,1.804,0.822,2019,9,10,1,23.8,13.4,9.8,63.2
618,2019-09-11,9.79,5.258,7.222,3.682,2019,9,11,2,24.3,5.4,4.2,7.6
619,2019-09-12,4.568,2.412,3.164,2.106,2019,9,12,3,21.0,10.4,5.4,3.9
620,2019-09-13,7.716,3.314,5.386,3.272,2019,9,13,4,23.3,12.2,6.6,0.1
621,2019-09-14,6.166,3.228,4.388,3.23,2019,9,14,5,22.4,17.8,12.4,0.3
622,2019-09-15,10.864,5.032,8.43,4.17,2019,9,15,6,24.2,14.4,10.6,0
623,2019-09-16,12.074,6.644,9.084,4.9,2019,9,16,0,24.5,12.0,6.2,0
624,2019-09-17,11.324,7.03,8.9,5.068,2019,9,17,1,23.5,17.6,9.2,0
625,2019-09-18,11.946,6.798,8.752,5.162,2019,9,18,2,21.0,31.6,13.6,0
626,2019-09-19,12.352,6.506,8.726,5.042,2019,9,19,3,19.5,28.0,11.4,0
627,2019-09-20,12.08,6.522,8.506,5.042,2019,9,20,4,19.6,22.8,10.4,0
628,2019-09-21,11.564,6.302,8.044,4.812,2019,9,21,5,19.6,14.0,9.0,0
629,2019-09-22,4.53,3.168,3.228,2.444,2019,9,22,6,18.6,5.333333333333333,4.666666666666667,0.4
630,2019-09-23,10.918,6.586,8.248,4.862,2019,9,23,0,20.0,14.0,7.333333333333333,0
631,2019-09-24,11.058,6.68,8.408,5.174,2019,9,24,1,19.8,32.333333333333336,15.333333333333334,0
632,2019-09-25,11.736,6.6,8.462,5.024,2019,9,25,2,20.9,29.33333333333333,17.666666666666668,0
633,2019-09-26,11.098,6.618,8.126,4.974,2019,9,26,3,22.9,23.33333333333333,16.0,0
634,2019-09-27,11.208,6.864,8.438,4.954,2019,9,27,4,22.9,20.666666666666668,12.666666666666666,0
635,2019-09-28,11.724,6.076,8.196,5.002,2019,9,28,5,23.7,26.33333333333333,19.0,0
636,2019-09-29,12.014,5.482,7.898,4.612,2019,9,29,6,22.6,37.0,28.0,0
637,2019-09-30,11.436,6.452,8.252,4.918,2019,9,30,0,22.4,47.333333333333336,33.0,0
638,2019-10-01,11.316,6.492,8.152,5.114,2019,10,1,1,23.1,37.66666666666666,28.0,0
639,2019-10-02,3.418,2.118,2.452,1.596,2019,10,2,2,21.6,22.33333333333333,16.666666666666668,23.1
640,2019-10-03,9.416,4.514,7.55,3.478,2019,10,3,3,22.4,9.0,7.0,4.6
641,2019-10-04,11.582,6.402,8.858,5.004,2019,10,4,4,22.4,22.666666666666668,17.666666666666668,0
642,2019-10-05,10.398,5.252,6.89,4.42,2019,10,5,5,18.7,37.66666666666666,22.666666666666668,0.6
643,2019-10-06,10.49,5.206,7.736,4.688,2019,10,6,6,18.1,11.666666666666666,6.333333333333333,0
644,2019-10-07,2.7,1.686,1.804,1.296,2019,10,7,0,14.8,12.333333333333334,8.333333333333334,25.4
645,2019-10-08,9.642,5.932,7.618,4.498,2019,10,8,1,14.7,25.33333333333333,11.666666666666666,0
646,2019-10-09,10.722,5.396,7.958,4.314,2019,10,9,2,13.6,28.33333333333333,12.333333333333334,0
647,2019-10-10,9.974,5.662,7.562,4.42,2019,10,10,3,15.2,33.333333333333336,15.666666666666666,0
648,2019-10-11,11.334,6.38,8.172,4.78,2019,10,11,4,18.8,34.666666666666664,19.666666666666668,0
649,2019-10-12,10.616,5.388,7.704,4.546,2019,10,12,5,17.9,25.33333333333333,12.666666666666666,0
650,2019-10-13,10.884,5.482,8.136,4.212,2019,10,13,6,17.2,20.33333333333333,10.333333333333334,0
651,2019-10-14,9.502,5.508,7.538,4.244,2019,10,14,0,14.4,36.333333333333336,17.0,0
652,2019-10-15,10.518,5.986,8.214,4.668,2019,10,15,1,14.5,19.33333333333333,9.0,0
653,2019-10-16,10.29,6.128,7.87,4.498,2019,10,16,2,14.6,24.33333333333333,13.666666666666666,0
654,2019-10-17,10.51,6.124,8.196,4.508,2019,10,17,3,15.4,31.0,17.666666666666668,0
655,2019-10-18,10.792,6.128,8.398,4.61,2019,10,18,4,17.0,18.0,10.0,0
656,2019-10-19,11.246,5.582,8.486,4.566,2019,10,19,5,17.0,22.33333333333333,12.0,0
657,2019-10-20,10.808,5.062,7.972,4.296,2019,10,20,6,16.5,38.0,24.33333333333333,0
658,2019-10-21,10.612,6.042,7.96,4.468,2019,10,21,0,17.1,40.0,23.666666666666668,0
659,2019-10-22,10.44,6.622,8.442,4.96,2019,10,22,1,18.1,35.333333333333336,22.0,0
660,2019-10-23,10.74,6.594,8.068,4.81,2019,10,23,2,17.0,23.0,14.0,0
661,2019-10-24,10.364,6.692,8.566,4.948,2019,10,24,3,18.3,28.666666666666668,15.666666666666666,0
662,2019-10-25,9.242,6.33,8.072,4.394,2019,10,25,4,16.7,25.8,11.8,0
663,2019-10-26,9.078,4.756,6.358,3.802,2019,10,26,5,10.0,25.4,13.0,0
664,2019-10-27,8.546,4.236,6.232,3.456,2019,10,27,6,11.0,28.8,15.2,0
665,2019-10-28,7.69,5.038,6.514,3.362,2019,10,28,0,12.9,34.2,19.2,1.7
666,2019-10-29,7.686,5.442,6.554,3.774,2019,10,29,1,12.5,98.4,18.2,0.1
667,2019-10-30,9.386,5.772,6.898,4.206,2019,10,30,2,11.2,29.2,11.2,0
668,2019-10-31,9.108,5.642,7.29,4.056,2019,10,31,3,14.8,75.8,23.6,0
669,2019-11-01,8.906,5.826,6.92,4.194,2019,11,1,4,14.9,102.0,35.0,0
670,2019-11-02,8.278,4.824,6.15,3.776,2019,11,2,5,13.6,83.6,38.8,0
671,2019-11-03,8.296,4.464,6.652,3.838,2019,11,3,6,14.7,62.0,34.2,0
672,2019-11-04,9.494,5.61,7.57,4.138,2019,11,4,0,13.8,16.2,7.8,0
673,2019-11-05,9.516,5.706,7.382,4.07,2019,11,5,1,12.4,37.0,20.4,0
674,2019-11-06,9.138,5.556,6.932,4.01,2019,11,6,2,11.0,53.4,30.6,0
675,2019-11-07,8.274,4.994,6.49,3.822,2019,11,7,3,9.2,54.4,23.0,0
676,2019-11-08,7.844,4.62,5.946,3.544,2019,11,8,4,6.8,50.8,18.2,0
677,2019-11-09,7.838,4.218,6.026,3.31,2019,11,9,5,9.5,50.2,23.0,0
678,2019-11-10,5.19,2.932,3.942,2.266,2019,11,10,6,10.0,45.0,24.8,11.8
679,2019-11-11,7.212,4.284,5.81,2.926,2019,11,11,0,11.2,28.0,14.25,1.1
680,2019-11-12,8.356,5.112,6.442,3.492,2019,11,12,1,9.3,43.4,20.5,0
681,2019-11-13,4.73,3.096,3.686,2.1,2019,11,13,2,7.2,37.2,18.25,7.5
682,2019-11-14,5.404,3.304,4.33,2.286,2019,11,14,3,1.3,21.4,5.75,0
683,2019-11-15,1.878,1.216,1.52,0.784,2019,11,15,4,5.6,24.0,12.2,18.8
684,2019-11-16,5.904,3.23,4.096,2.442,2019,11,16,5,6.8,26.25,16.8,0
685,2019-11-17,1.51,0.756,0.974,0.69,2019,11,17,6,8.3,25.25,13.2,21.1
686,2019-11-18,4.72,2.976,3.638,2.026,2019,11,18,0,4.6,71.2,11.2,14.7
687,2019-11-19,5.166,3.16,3.664,2.036,2019,11,19,1,0.2,31.0,8.2,0
688,2019-11-20,5.362,3.216,3.96,2.146,2019,11,20,2,0.5,25.6,11.0,0
689,2019-11-21,5.822,3.528,4.562,2.38,2019,11,21,3,4.2,37.6,17.2,0
690,2019-11-22,6.732,3.984,5.478,2.788,2019,11,22,4,9.7,47.6,21.2,0
691,2019-11-23,7.168,3.744,5.036,2.714,2019,11,23,5,12.1,37.2,17.8,0
692,2019-11-24,3.282,1.898,2.202,1.448,2019,11,24,6,9.8,31.8,18.2,3.8
693,2019-11-25,5.262,3.436,4.238,2.152,2019,11,25,0,1.9,28.0,15.2,0
694,2019-11-26,6.276,4.072,4.93,2.522,2019,11,26,1,6.6,25.8,15.0,0
695,2019-11-27,5.548,3.588,4.378,2.464,2019,11,27,2,3.1,41.6,20.4,0
696,2019-11-28,5.632,3.518,4.572,2.464,2019,11,28,3,3.5,38.2,18.6,0
697,2019-11-29,5.492,3.25,4.314,2.296,2019,11,29,4,1.5,47.8,23.6,0
698,2019-11-30,4.884,2.766,3.466,2.082,2019,11,30,5,4.1,44.0,25.2,0
699,2019-12-01,1.284,0.702,0.794,0.584,2019,12,1,6,4.6,40.2,26.5,3.3
700,2019-12-02,4.076,2.604,3.278,1.83,2019,12,2,0,-0.1,21.2,10.5,0
701,2019-12-03,4.172,2.51,3.264,1.774,2019,12,3,1,0.5,27.6,15.2,0.6
702,2019-12-04,4.962,2.854,3.668,1.964,2019,12,4,2,2.0,29.8,15.6,0
703,2019-12-05,3.662,2.202,2.92,1.458,2019,12,5,3,-4.4,19.2,10.0,0
704,2019-12-06,3.38,1.972,2.698,1.306,2019,12,6,4,-5.9,30.4,14.8,0
705,2019-12-07,2.814,1.796,2.06,1.222,2019,12,7,5,-2.4,42.25,27.25,0.1
706,2019-12-08,3.012,1.67,1.924,1.208,2019,12,8,6,-0.9,54.75,42.0,0
707,2019-12-09,4.18,2.794,3.266,1.688,2019,12,9,0,3.2,64.25,46.75,0
708,2019-12-10,4.254,2.7,3.43,1.75,2019,12,10,1,8.1,85.2,61.8,1.7
709,2019-12-11,4.222,2.684,3.422,1.774,2019,12,11,2,6.3,77.6,50.8,0.2
710,2019-12-12,4.024,2.664,3.456,1.776,2019,12,12,3,-0.7,19.75,14.0,0
711,2019-12-13,3.982,2.542,3.482,1.72,2019,12,13,4,2.1,28.6,16.6,1
712,2019-12-14,3.35,2.17,2.542,1.492,2019,12,14,5,2.7,41.0,26.0,0
713,2019-12-15,4.044,2.17,2.642,1.514,2019,12,15,6,5.3,37.8,24.0,0
714,2019-12-16,4.85,3.238,4.132,2.046,2019,12,16,0,7.8,36.4,20.2,0
715,2019-12-17,3.256,1.966,2.408,1.304,2019,12,17,1,7.7,28.4,18.4,9.8
716,2019-12-18,4.364,2.696,3.514,1.894,2019,12,18,2,0.8,39.4,26.8,0
717,2019-12-19,4.16,2.634,3.404,1.692,2019,12,19,3,-0.8,28.8,17.8,0
718,2019-12-20,3.944,2.51,3.274,1.728,2019,12,20,4,-1.1,28.4,16.6,0
719,2019-12-21,2.654,1.528,1.792,1.16,2019,12,21,5,-1.2,37.2,23.6,0.6
720,2019-12-22,3.184,1.888,2.236,1.37,2019,12,22,6,4.1,60.8,42.8,0.3
721,2019-12-23,3.486,2.086,2.91,1.35,2019,12,23,0,3.4,54.8,41.4,2.9
722,2019-12-24,3.836,2.512,3.392,1.734,2019,12,24,1,0.8,68.2,50.0,0
723,2019-12-25,3.008,1.66,2.052,1.27,2019,12,25,2,2.0,50.8,35.8,0
724,2019-12-26,2.94,1.92,2.366,1.258,2019,12,26,3,2.0,49.0,32.4,0.3
725,2019-12-27,3.378,2.136,2.678,1.466,2019,12,27,4,-1.7,35.6,23.4,0
726,2019-12-28,3.226,1.958,2.168,1.522,2019,12,28,5,1.1,43.8,24.6,0
727,2019-12-29,2.568,1.498,1.63,1.104,2019,12,29,6,3.8,45.2,26.2,1.4
728,2019-12-30,2.734,1.708,2.312,1.15,2019,12,30,0,2.7,37.0,23.8,0.4
729,2019-12-31,2.162,1.446,1.91,1.006,2019,12,31,1,-7.9,24.4,13.8,0
730,2020-01-01,1.796,1.244,1.432,1.008,2020,1,1,2,-2.2,33.6,21.4,0.1
731,2020-01-02,3.252,2.07,2.754,1.422,2020,1,2,3,1.0,57.6,37.2,0
732,2020-01-03,3.548,2.278,3.016,1.634,2020,1,3,4,-0.1,68.6,46.0,0
733,2020-01-04,3.268,2.024,2.166,1.392,2020,1,4,5,1.2,55.6,36.4,0
734,2020-01-05,3.026,1.692,1.934,1.36,2020,1,5,6,1.3,50.0,33.0,0
735,2020-01-06,1.934,1.264,1.46,0.766,2020,1,6,0,3.1,39.0,25.6,1.8
736,2020-01-07,0.232,0.144,0.222,0.104,2020,1,7,1,6.3,8.6,6.0,46.3
737,2020-01-08,2.43,1.568,2.216,1.096,2020,1,8,2,2.4,26.6,20.0,11.6
738,2020-01-09,3.382,2.068,2.718,1.506,2020,1,9,3,-1.2,48.8,37.8,0
739,2020-01-10,3.584,2.108,2.862,1.438,2020,1,10,4,-0.6,63.0,46.6,0
740,2020-01-11,2.83,1.758,1.964,1.322,2020,1,11,5,-0.1,53.8,38.0,0
741,2020-01-12,2.48,1.48,1.732,1.148,2020,1,12,6,-1.0,46.0,32.8,0
742,2020-01-13,3.096,1.96,2.492,1.274,2020,1,13,0,-2.9,27.0,18.2,0
743,2020-01-14,3.336,2.076,2.824,1.34,2020,1,14,1,-2.3,30.6,19.2,0
744,2020-01-15,3.438,2.066,2.714,1.332,2020,1,15,2,-2.7,36.4,22.0,0
745,2020-01-16,3.444,2.076,2.896,1.282,2020,1,16,3,-1.7,43.8,27.0,0
746,2020-01-17,3.496,2.068,2.87,1.372,2020,1,17,4,-0.6,56.0,34.0,0
747,2020-01-18,3.044,1.784,2.292,1.35,2020,1,18,5,0.3,62.8,37.8,0
748,2020-01-19,2.184,1.3,1.654,0.944,2020,1,19,6,1.9,61.2,43.0,0.6
749,2020-01-20,3.156,2.142,2.852,1.394,2020,1,20,0,0.7,51.8,28.0,0
750,2020-01-21,3.42,2.288,2.996,1.62,2020,1,21,1,-0.4,40.0,21.6,0
751,2020-01-22,3.78,2.424,3.074,1.626,2020,1,22,2,3.0,44.2,25.2,0
752,2020-01-23,3.998,2.424,3.172,1.8,2020,1,23,3,4.6,60.8,37.8,0
753,2020-01-24,2.388,1.392,1.864,1.288,2020,1,24,4,2.8,70.4,47.4,0
754,2020-01-25,1.936,1.168,1.362,0.954,2020,1,25,5,4.3,44.2,31.8,0
755,2020-01-26,2.83,1.442,2.202,1.22,2020,1,26,6,5.5,23.2,16.2,0
756,2020-01-27,1.984,1.24,1.42,1.016,2020,1,27,0,5.9,10.4,4.0,0.1
757,2020-01-28,3.61,2.424,3.022,1.678,2020,1,28,1,6.8,12.8,4.6,0
758,2020-01-29,4.224,2.752,3.474,1.936,2020,1,29,2,6.0,16.4,7.0,0
759,2020-01-30,4.364,2.758,3.672,2.064,2020,1,30,3,5.2,16.2,8.2,0
760,2020-01-31,4.118,2.576,3.468,1.824,2020,1,31,4,3.9,27.4,18.0,0
761,2020-02-01,3.236,2.158,2.398,1.574,2020,2,1,5,2.6,69.4,50.8,0
762,2020-02-02,2.868,1.794,1.994,1.148,2020,2,2,6,1.5,72.2,54.4,0
763,2020-02-03,3.4,2.112,2.962,1.484,2020,2,3,0,-0.4,24.8,14.8,0
764,2020-02-04,2.76,1.772,2.416,1.066,2020,2,4,1,-1.6,25.2,16.0,1.7
765,2020-02-05,2.652,1.548,2.12,0.972,2020,2,5,2,-8.3,22.0,9.6,0
766,2020-02-06,2.838,1.734,2.284,1.012,2020,2,6,3,-6.4,38.2,18.8,0
767,2020-02-07,3.128,2.094,2.622,1.362,2020,2,7,4,-1.7,37.6,23.0,0
768,2020-02-08,2.704,1.858,2.048,1.252,2020,2,8,5,-0.1,39.8,27.0,0
769,2020-02-09,2.606,1.64,1.892,1.078,2020,2,9,6,-0.5,36.8,24.4,0
770,2020-02-10,3.906,2.54,3.406,1.568,2020,2,10,0,4.0,49.6,31.4,0
771,2020-02-11,4.614,3.094,4.108,1.982,2020,2,11,1,6.8,56.2,33.6,0
772,2020-02-12,1.238,0.752,1.204,0.576,2020,2,12,2,7.4,48.4,31.8,6.7
773,2020-02-13,3.71,2.69,3.394,1.764,2020,2,13,3,6.5,71.8,52.4,0
774,2020-02-14,4.814,3.004,3.986,2.126,2020,2,14,4,8.1,83.8,61.8,0
775,2020-02-15,3.718,2.248,2.902,1.738,2020,2,15,5,9.8,59.8,44.4,2
776,2020-02-16,0.948,0.538,0.612,0.468,2020,2,16,6,-1.4,24.4,17.4,13.4
777,2020-02-17,1.54,0.996,1.388,0.746,2020,2,17,0,-5.9,29.6,16.4,1
778,2020-02-18,2.106,1.452,2.12,0.968,2020,2,18,1,-4.1,21.6,13.6,0
779,2020-02-19,3.774,2.448,3.206,1.628,2020,2,19,2,1.0,32.2,22.4,0
780,2020-02-20,3.964,2.766,3.602,1.916,2020,2,20,3,4.6,57.8,42.0,0
781,2020-02-21,3.37,2.23,2.83,1.494,2020,2,21,4,6.7,61.8,45.8,4.2
782,2020-02-22,2.22,1.28,1.55,0.88,2020,2,22,5,4.0,70.4,35.4,3.1
783,2020-02-23,2.934,1.742,2.32,1.298,2020,2,23,6,2.5,23.2,11.4,0
784,2020-02-24,3.89,2.698,3.746,1.756,2020,2,24,0,7.0,37.4,19.4,0
785,2020-02-25,1.844,1.186,1.616,0.878,2020,2,25,1,6.7,19.4,11.0,16.6
786,2020-02-26,3.982,2.758,3.67,1.872,2020,2,26,2,6.4,17.8,9.6,0
787,2020-02-27,4.452,2.796,4.042,2.036,2020,2,27,3,6.1,12.2,6.6,0
788,2020-02-28,1.418,1.038,1.346,0.662,2020,2,28,4,4.5,24.6,16.6,3.9
789,2020-02-29,4.004,2.424,3.872,1.858,2020,2,29,5,7.7,24.8,16.6,0.5
790,2020-03-01,2.734,1.692,2.444,1.424,2020,3,1,6,5.8,43.6,31.6,0.2
791,2020-03-02,3.838,2.644,4.144,1.802,2020,3,2,0,3.4,38.2,28.2,0
792,2020-03-03,4.254,2.712,4.168,2.026,2020,3,3,1,4.8,44.6,32.0,0
793,2020-03-04,3.328,2.302,3.072,1.586,2020,3,4,2,2.2,44.8,33.6,0
794,2020-03-05,3.72,2.436,3.628,1.804,2020,3,5,3,1.4,36.2,26.6,0
795,2020-03-06,4.38,2.914,4.478,2.0,2020,3,6,4,3.7,39.4,25.8,0
796,2020-03-07,5.144,2.64,4.646,2.178,2020,3,7,5,7.0,53.8,37.8,0
797,2020-03-08,7.346,3.2,6.236,2.536,2020,3,8,6,9.3,58.0,43.2,0
798,2020-03-09,6.842,3.544,5.984,2.556,2020,3,9,0,11.1,60.4,43.2,0
799,2020-03-10,1.268,0.746,0.942,0.636,2020,3,10,1,6.4,33.2,24.0,11.8
800,2020-03-11,5.178,3.154,4.606,2.406,2020,3,11,2,3.8,33.6,12.0,0
801,2020-03-12,6.02,3.204,5.246,2.418,2020,3,12,3,6.8,33.4,13.2,0
802,2020-03-13,5.116,3.126,4.624,2.276,2020,3,13,4,4.9,31.2,13.4,0.5
803,2020-03-14,5.064,2.764,4.422,2.358,2020,3,14,5,3.6,38.4,19.2,0
804,2020-03-15,4.026,2.358,3.562,1.808,2020,3,15,6,4.0,39.0,16.2,0
805,2020-03-16,4.528,2.866,4.348,2.006,2020,3,16,0,3.6,22.6,11.2,0
806,2020-03-17,5.428,3.126,4.76,2.362,2020,3,17,1,6.6,50.4,21.8,0
807,2020-03-18,8.032,3.89,6.412,2.934,2020,3,18,2,10.0,58.4,33.2,0
808,2020-03-19,2.844,1.926,2.402,1.308,2020,3,19,3,9.1,53.6,22.2,0
809,2020-03-20,6.322,3.66,5.5,2.828,2020,3,20,4,8.8,39.6,8.6,0
810,2020-03-21,8.388,3.984,7.204,3.256,2020,3,21,5,12.8,46.5,15.0,0
811,2020-03-22,9.314,3.804,7.798,2.982,2020,3,22,6,11.0,38.5,16.0,0
812,2020-03-23,7.918,4.2,6.9,3.052,2020,3,23,0,10.6,48.0,27.0,0
813,2020-03-24,8.888,4.524,7.802,3.572,2020,3,24,1,11.4,56.0,33.2,0
814,2020-03-25,9.53,4.944,8.19,3.71,2020,3,25,2,12.5,49.8,29.6,0
815,2020-03-26,5.112,3.226,4.744,2.44,2020,3,26,3,14.8,49.6,30.4,1.8
816,2020-03-27,6.652,4.272,6.254,3.296,2020,3,27,4,11.9,38.0,18.6,2
817,2020-03-28,7.972,4.208,7.538,3.65,2020,3,28,5,7.7,31.2,7.0,0
818,2020-03-29,8.954,4.228,8.56,3.634,2020,3,29,6,8.7,38.6,15.4,0
819,2020-03-30,8.092,4.62,7.712,3.678,2020,3,30,0,10.2,49.4,26.0,0
820,2020-03-31,8.884,5.112,8.16,4.226,2020,3,31,1,11.9,49.2,25.6,0
821,2020-04-01,7.884,4.858,7.286,3.782,2020,4,1,2,11.3,69.4,32.0,0
822,2020-04-02,8.456,4.742,7.528,3.82,2020,4,2,3,9.3,35.0,22.6,0
823,2020-04-03,8.646,5.056,8.25,4.026,2020,4,3,4,10.0,52.8,29.2,0
824,2020-04-04,8.18,4.69,7.456,3.976,2020,4,4,5,8.9,65.4,26.6,0
825,2020-04-05,7.72,4.126,7.508,3.764,2020,4,5,6,7.2,45.6,20.8,0
826,2020-04-06,7.918,4.534,7.668,3.556,2020,4,6,0,9.3,50.6,20.2,0
827,2020-04-07,8.646,5.03,7.918,4.182,2020,4,7,1,10.6,56.6,25.0,0
828,2020-04-08,7.936,5.264,7.606,4.034,2020,4,8,2,9.4,41.0,17.4,0
829,2020-04-09,8.236,5.152,7.44,4.216,2020,4,9,3,8.9,44.4,22.4,0
830,2020-04-10,8.414,4.99,7.714,4.036,2020,4,10,4,10.7,39.8,23.6,0
831,2020-04-11,9.248,4.994,7.778,4.456,2020,4,11,5,9.9,37.4,21.8,0
832,2020-04-12,8.0,3.926,6.952,3.476,2020,4,12,6,9.9,28.4,18.4,0
833,2020-04-13,8.684,5.504,8.442,4.17,2020,4,13,0,12.4,20.2,9.8,0
834,2020-04-14,9.12,5.958,8.302,4.482,2020,4,14,1,13.0,49.2,27.2,0
835,2020-04-15,10.564,5.666,9.384,5.366,2020,4,15,2,13.2,62.2,36.8,0
836,2020-04-16,10.162,5.53,8.294,4.54,2020,4,16,3,16.0,49.0,28.2,0
837,2020-04-17,3.798,2.7,2.916,2.04,2020,4,17,4,12.5,34.8,18.8,6.5
838,2020-04-18,11.258,6.128,9.296,5.75,2020,4,18,5,13.5,24.2,12.4,0
839,2020-04-19,3.37,1.924,2.938,1.848,2020,4,19,6,12.3,23.2,14.8,10.3
840,2020-04-20,5.634,3.894,5.458,3.224,2020,4,20,0,10.0,12.6,7.6,0.1
841,2020-04-21,5.59,4.234,5.726,3.308,2020,4,21,1,7.4,36.0,9.6,0
842,2020-04-22,5.188,3.732,4.748,2.904,2020,4,22,2,6.0,73.2,9.6,0
843,2020-04-23,6.774,4.59,6.002,3.486,2020,4,23,3,7.9,40.8,11.8,0
844,2020-04-24,7.62,5.06,6.86,3.902,2020,4,24,4,9.9,38.0,12.2,0
845,2020-04-25,9.586,5.208,7.822,4.374,2020,4,25,5,13.1,55.8,22.4,0
846,2020-04-26,9.688,5.26,8.864,4.294,2020,4,26,6,12.3,31.0,14.8,0
847,2020-04-27,7.762,5.264,7.67,4.044,2020,4,27,0,12.9,32.6,16.4,0
848,2020-04-28,9.01,5.97,8.72,4.634,2020,4,28,1,13.9,34.0,17.8,0
849,2020-04-29,9.246,6.128,8.824,4.788,2020,4,29,2,14.9,45.6,25.8,0
850,2020-04-30,11.848,5.988,10.096,5.778,2020,4,30,3,17.1,35.4,18.8,0
851,2020-05-01,11.53,6.216,9.376,5.392,2020,5,1,4,20.2,48.2,29.4,0
852,2020-05-02,10.51,5.424,8.616,5.068,2020,5,2,5,20.3,48.0,28.2,0
853,2020-05-03,11.066,5.416,9.142,4.858,2020,5,3,6,21.8,27.0,16.8,0
854,2020-05-04,11.466,5.876,9.51,5.284,2020,5,4,0,20.2,33.6,16.8,0
855,2020-05-05,11.26,5.546,9.314,5.286,2020,5,5,1,16.0,34.8,17.8,0
856,2020-05-06,9.89,6.274,8.46,5.05,2020,5,6,2,19.4,31.4,15.6,0
857,2020-05-07,9.848,6.014,8.248,5.572,2020,5,7,3,20.7,23.8,10.4,0
858,2020-05-08,6.114,4.554,6.004,3.728,2020,5,8,4,19.9,24.4,11.4,2.3
859,2020-05-09,1.04,0.66,0.71,0.588,2020,5,9,5,14.2,12.0,7.8,24.4
860,2020-05-10,8.058,4.198,6.622,4.156,2020,5,10,6,14.4,28.4,19.4,1.3
861,2020-05-11,8.22,5.27,7.166,4.548,2020,5,11,0,16.5,100.2,27.8,3.4
862,2020-05-12,8.118,5.47,7.324,4.846,2020,5,12,1,14.3,42.2,15.4,0.7
863,2020-05-13,9.202,5.88,8.248,5.452,2020,5,13,2,16.1,29.6,9.8,0
864,2020-05-14,8.858,6.478,8.164,5.752,2020,5,14,3,19.3,39.2,12.2,0
865,2020-05-15,1.588,1.044,1.086,0.846,2020,5,15,4,16.1,28.0,11.2,12
866,2020-05-16,7.188,4.538,6.054,4.25,2020,5,16,5,16.7,19.6,12.6,2.5
867,2020-05-17,10.754,5.972,9.568,5.614,2020,5,17,6,19.1,40.2,26.8,0
868,2020-05-18,3.838,2.816,3.612,2.18,2020,5,18,0,19.1,37.6,23.8,29.8
869,2020-05-19,5.558,4.012,4.936,3.07,2020,5,19,1,13.0,13.6,6.6,19
870,2020-05-20,8.398,6.51,8.296,5.274,2020,5,20,2,14.4,6.2,2.8,0
871,2020-05-21,8.906,6.682,8.884,5.8,2020,5,21,3,17.4,17.2,8.6,0
872,2020-05-22,8.832,6.448,8.428,5.362,2020,5,22,4,18.5,38.4,24.6,0
873,2020-05-23,12.18,6.764,9.37,5.952,2020,5,23,5,20.1,46.2,31.4,0
874,2020-05-24,9.69,5.562,8.116,4.6,2020,5,24,6,17.1,24.4,17.8,14.5
875,2020-05-25,10.29,6.402,9.002,5.298,2020,5,25,0,16.6,34.0,23.0,0
876,2020-05-26,7.082,5.06,6.12,3.888,2020,5,26,1,16.2,38.2,25.0,1.5
877,2020-05-27,10.642,7.032,9.32,5.456,2020,5,27,2,17.4,20.4,12.0,0
878,2020-05-28,10.59,6.998,8.974,5.53,2020,5,28,3,18.7,30.25,20.25,0
879,2020-05-29,10.916,7.312,9.294,6.02,2020,5,29,4,20.7,34.0,21.2,0
880,2020-05-30,11.88,6.894,10.316,6.078,2020,5,30,5,22.6,36.8,25.0,0
881,2020-05-31,11.23,6.274,9.04,5.366,2020,5,31,6,21.2,39.4,29.4,1
882,2020-06-01,10.832,6.674,9.158,5.632,2020,6,1,0,19.7,17.6,9.4,0.4
883,2020-06-02,7.798,5.862,7.05,4.778,2020,6,2,1,17.9,23.2,12.4,2
884,2020-06-03,10.556,7.328,8.958,5.978,2020,6,3,2,22.0,46.2,23.2,0
885,2020-06-04,10.164,7.192,8.58,6.084,2020,6,4,3,21.9,48.6,23.6,0.2
886,2020-06-05,11.056,7.682,9.36,6.168,2020,6,5,4,23.0,45.2,23.2,0
887,2020-06-06,11.886,7.078,9.388,6.262,2020,6,6,5,24.6,52.0,31.2,0
888,2020-06-07,11.026,7.156,9.482,5.808,2020,6,7,6,22.7,52.2,29.8,0
889,2020-06-08,10.232,7.644,8.876,5.706,2020,6,8,0,25.0,42.2,24.0,0
890,2020-06-09,10.31,7.41,8.864,5.854,2020,6,9,1,26.7,46.8,24.6,0
891,2020-06-10,5.766,4.368,5.002,3.266,2020,6,10,2,25.8,43.6,25.0,6.2
892,2020-06-11,9.83,7.154,8.872,5.414,2020,6,11,3,26.1,30.2,18.0,0
893,2020-06-12,11.202,8.07,9.57,6.12,2020,6,12,4,24.7,45.0,22.6,0
894,2020-06-13,9.54,6.434,7.484,5.136,2020,6,13,5,26.9,48.8,26.4,0
895,2020-06-14,9.65,6.286,8.002,5.156,2020,6,14,6,24.0,37.2,22.6,1.1
896,2020-06-15,9.974,7.78,9.07,5.83,2020,6,15,0,23.0,26.4,12.4,0
897,2020-06-16,9.928,7.654,8.722,5.794,2020,6,16,1,24.4,53.4,37.4,0
898,2020-06-17,10.588,7.506,8.76,5.848,2020,6,17,2,24.3,47.2,32.4,0
899,2020-06-18,11.174,7.672,8.976,6.278,2020,6,18,3,23.4,33.8,21.8,0
900,2020-06-19,11.092,7.93,9.084,6.034,2020,6,19,4,24.7,23.6,14.6,0.1
901,2020-06-20,10.758,6.942,8.342,6.14,2020,6,20,5,24.9,37.8,24.4,0
902,2020-06-21,10.154,6.632,8.312,5.492,2020,6,21,6,26.1,34.6,23.6,0
903,2020-06-22,9.648,7.204,7.88,5.382,2020,6,22,0,28.6,39.8,24.2,0
904,2020-06-23,10.312,7.604,8.522,5.958,2020,6,23,1,27.3,42.8,26.2,0
905,2020-06-24,2.07,1.364,1.492,1.084,2020,6,24,2,22.3,28.0,19.4,37.6
906,2020-06-25,5.06,2.976,4.084,1.786,2020,6,25,3,21.6,10.8,6.2,13.3
907,2020-06-26,9.178,6.414,7.704,5.052,2020,6,26,4,21.8,20.8,14.0,2.1
908,2020-06-27,10.948,7.24,9.334,6.284,2020,6,27,5,24.1,25.6,17.0,0
909,2020-06-28,11.762,6.704,8.558,5.632,2020,6,28,6,25.2,29.4,20.2,0
910,2020-06-29,7.042,5.296,5.936,4.066,2020,6,29,0,23.8,35.4,25.2,11.9
911,2020-06-30,3.952,2.812,3.05,2.004,2020,6,30,1,20.1,9.2,5.0,64.7
912,2020-07-01,10.132,7.746,8.648,6.072,2020,7,1,2,21.1,19.2,11.0,0
913,2020-07-02,10.74,7.74,8.688,6.252,2020,7,2,3,24.2,46.4,33.2,0
914,2020-07-03,10.232,7.18,8.6,6.108,2020,7,3,4,25.5,37.6,24.8,0.1
915,2020-07-04,10.608,6.468,8.74,5.628,2020,7,4,5,24.2,20.6,14.0,1.6
916,2020-07-05,11.508,7.026,9.326,6.034,2020,7,5,6,23.8,26.6,21.2,0
917,2020-07-06,10.302,7.786,9.068,6.372,2020,7,6,0,25.6,25.8,18.6,0
918,2020-07-07,8.708,7.19,7.532,5.356,2020,7,7,1,24.1,17.4,11.4,0
919,2020-07-08,10.484,7.906,8.558,6.322,2020,7,8,2,25.5,31.2,20.6,0
920,2020-07-09,9.5,8.022,8.328,6.148,2020,7,9,3,27.5,34.6,24.4,0
921,2020-07-10,9.364,6.654,7.49,5.472,2020,7,10,4,24.5,16.4,11.0,2.2
922,2020-07-11,11.314,7.334,8.666,6.614,2020,7,11,5,25.8,7.0,3.4,0
923,2020-07-12,5.756,4.17,4.69,3.666,2020,7,12,6,23.5,13.0,8.2,2.9
924,2020-07-13,0.526,0.39,0.416,0.276,2020,7,13,0,18.7,9.4,5.6,47.6
925,2020-07-14,7.702,6.208,7.474,4.868,2020,7,14,1,20.3,6.4,2.0,11.5
926,2020-07-15,9.75,7.616,8.836,6.432,2020,7,15,2,23.4,11.0,4.2,0
927,2020-07-16,9.516,7.336,8.544,6.302,2020,7,16,3,25.0,29.0,17.6,0
928,2020-07-17,9.988,7.232,8.64,5.58,2020,7,17,4,26.0,37.4,24.0,0
929,2020-07-18,10.198,6.954,7.986,5.786,2020,7,18,5,26.1,41.2,29.4,0
930,2020-07-19,6.658,4.566,4.626,3.854,2020,7,19,6,24.0,21.2,14.8,29.1
931,2020-07-20,7.488,5.63,6.012,5.174,2020,7,20,0,23.8,18.6,11.0,3.6
932,2020-07-21,9.018,7.398,8.376,6.346,2020,7,21,1,25.0,28.6,20.4,0
933,2020-07-22,5.166,4.4,3.874,3.568,2020,7,22,2,23.7,25.2,17.2,11.5
934,2020-07-23,0.974,0.76,0.748,0.696,2020,7,23,3,21.1,18.2,11.2,103.1
935,2020-07-24,6.256,5.076,5.332,4.168,2020,7,24,4,22.5,4.8,1.8,2.9
936,2020-07-25,9.786,7.134,8.114,5.922,2020,7,25,5,24.3,5.0,2.0,0
937,2020-07-26,9.552,6.432,7.948,5.25,2020,7,26,6,25.4,8.2,4.4,0
938,2020-07-27,5.268,3.908,4.66,3.006,2020,7,27,0,24.3,10.4,5.2,2.2
939,2020-07-28,5.74,4.408,5.142,3.736,2020,7,28,1,24.4,12.2,5.2,0.4
940,2020-07-29,2.714,2.544,2.304,1.866,2020,7,29,2,23.7,10.6,5.4,50.1
941,2020-07-30,8.03,6.736,7.376,5.396,2020,7,30,3,25.3,19.4,13.2,0.1
942,2020-07-31,8.478,7.02,7.68,5.402,2020,7,31,4,26.2,25.6,17.2,1.5
943,2020-08-01,3.398,2.652,2.738,2.006,2020,8,1,5,25.3,16.4,9.2,39.1
944,2020-08-02,1.234,0.912,0.992,0.752,2020,8,2,6,24.9,12.0,6.2,31.4
945,2020-08-03,1.754,1.314,1.314,0.962,2020,8,3,0,25.0,17.0,10.2,102.6
946,2020-08-04,4.172,3.838,3.544,2.634,2020,8,4,1,27.0,37.2,24.8,3.9
947,2020-08-05,2.71,2.196,1.8,1.686,2020,8,5,2,26.5,35.6,23.2,18.5
948,2020-08-06,4.218,3.924,2.924,2.866,2020,8,6,3,24.1,16.4,8.6,75.7
949,2020-08-07,5.822,6.078,4.828,4.522,2020,8,7,4,24.3,28.6,18.8,0
950,2020-08-08,3.216,3.398,2.528,2.596,2020,8,8,5,24.2,14.0,7.4,19.1
951,2020-08-09,1.614,1.034,0.836,0.768,2020,8,9,6,24.9,9.8,4.4,50.3
952,2020-08-10,2.26,1.59,1.548,1.126,2020,8,10,0,26.5,13.0,5.6,44.6
953,2020-08-11,4.214,3.95,3.162,3.062,2020,8,11,1,24.6,9.6,6.0,97
954,2020-08-12,5.488,6.108,5.17,4.806,2020,8,12,2,27.2,23.2,13.6,0
955,2020-08-13,5.732,5.998,5.276,4.922,2020,8,13,3,28.0,27.6,13.8,0
956,2020-08-14,5.806,5.378,4.962,4.504,2020,8,14,4,27.1,33.8,20.2,0.4
957,2020-08-15,2.744,2.058,1.868,1.72,2020,8,15,5,26.1,38.8,28.0,69
958,2020-08-16,5.896,4.596,5.024,3.916,2020,8,16,6,27.4,23.4,15.2,0
959,2020-08-17,6.52,5.44,6.132,4.37,2020,8,17,0,28.2,26.4,18.4,0
960,2020-08-18,6.514,6.196,6.404,4.866,2020,8,18,1,27.5,36.2,25.4,0
961,2020-08-19,7.408,6.54,6.554,5.016,2020,8,19,2,27.1,44.4,31.8,0
962,2020-08-20,7.354,6.386,6.98,5.13,2020,8,20,3,27.7,38.8,28.4,0
963,2020-08-21,6.598,5.828,6.416,4.438,2020,8,21,4,26.6,29.0,20.2,2.5
964,2020-08-22,3.556,2.628,2.654,2.254,2020,8,22,5,24.3,16.2,8.6,42.6
965,2020-08-23,7.844,5.482,7.068,4.45,2020,8,23,6,25.3,13.2,7.8,0
966,2020-08-24,8.426,6.734,7.754,5.256,2020,8,24,0,27.8,25.4,17.4,0
967,2020-08-25,7.95,6.694,6.952,5.13,2020,8,25,1,29.9,33.2,24.4,0
968,2020-08-26,3.776,3.04,3.276,2.222,2020,8,26,2,30.2,25.2,17.8,0.6
969,2020-08-27,2.77,2.374,2.602,1.932,2020,8,27,3,27.1,20.4,12.4,8.7
970,2020-08-28,5.614,4.892,4.928,3.902,2020,8,28,4,27.3,23.8,17.0,13.6
971,2020-08-29,2.886,2.668,2.582,2.194,2020,8,29,5,26.8,16.4,10.4,13.6
972,2020-08-30,4.618,3.254,4.39,2.276,2020,8,30,6,26.8,15.0,10.8,42.5
973,2020-08-31,7.954,6.51,7.398,4.8,2020,8,31,0,26.4,9.4,3.6,0
974,2020-09-01,7.52,6.526,8.036,5.138,2020,9,1,1,26.6,16.8,7.8,0
975,2020-09-02,1.32,1.07,1.294,0.684,2020,9,2,2,24.3,12.8,7.0,33.3
976,2020-09-03,7.486,5.364,6.276,3.984,2020,9,3,3,22.7,11.4,5.4,29.8
977,2020-09-04,11.718,7.498,10.768,6.056,2020,9,4,4,23.3,23.4,12.6,0
978,2020-09-05,11.626,7.086,10.566,5.96,2020,9,5,5,23.3,29.0,19.4,0
979,2020-09-06,5.066,3.646,5.22,2.812,2020,9,6,6,21.7,21.2,14.8,6.4
980,2020-09-07,0.352,0.268,0.306,0.162,2020,9,7,0,19.2,5.4,2.8,61
981,2020-09-08,9.45,7.024,9.858,5.642,2020,9,8,1,23.4,24.0,13.0,0
982,2020-09-09,6.696,5.316,6.67,3.976,2020,9,9,2,21.1,26.6,19.4,1.3
983,2020-09-10,9.912,7.396,9.622,6.034,2020,9,10,3,22.8,26.4,18.2,3.9
984,2020-09-11,5.716,4.896,5.692,3.538,2020,9,11,4,22.4,24.8,16.4,1.2
985,2020-09-12,3.194,3.146,3.592,2.284,2020,9,12,5,20.2,9.6,6.2,5.7
986,2020-09-13,11.15,7.338,12.5,5.908,2020,9,13,6,21.5,7.2,3.4,0
987,2020-09-14,9.512,7.496,9.474,5.694,2020,9,14,0,21.3,22.2,13.8,0
988,2020-09-15,10.2,8.17,9.432,6.386,2020,9,15,1,23.0,33.4,23.2,0
989,2020-09-16,8.346,6.442,6.77,4.914,2020,9,16,2,22.5,24.6,17.8,0.3
990,2020-09-17,10.168,8.116,9.13,6.802,2020,9,17,3,21.3,20.2,9.2,0
991,2020-09-18,11.222,8.948,10.286,7.172,2020,9,18,4,21.5,19.8,8.0,0
992,2020-09-19,11.734,8.092,11.038,7.37,2020,9,19,5,21.2,18.6,9.2,0.3
993,2020-09-20,11.774,7.248,11.18,6.954,2020,9,20,6,19.7,17.2,10.0,0
994,2020-09-21,10.856,8.168,9.71,6.77,2020,9,21,0,19.1,21.2,11.8,0
995,2020-09-22,11.164,8.038,9.64,7.054,2020,9,22,1,20.2,12.6,6.8,0
996,2020-09-23,10.342,7.826,9.274,6.832,2020,9,23,2,19.2,7.6,3.2,0
997,2020-09-24,9.902,8.356,9.232,6.844,2020,9,24,3,20.6,8.2,3.2,0
998,2020-09-25,10.43,8.152,9.52,7.156,2020,9,25,4,20.1,11.4,5.6,0
999,2020-09-26,11.186,8.118,10.144,6.544,2020,9,26,5,19.3,13.2,6.2,0
1000,2020-09-27,10.952,7.354,10.526,6.08,2020,9,27,6,20.4,12.2,6.4,0
1001,2020-09-28,10.354,7.622,9.12,6.07,2020,9,28,0,20.7,20.8,11.8,0
1002,2020-09-29,10.572,7.876,9.116,6.802,2020,9,29,1,19.6,28.2,16.8,0
1003,2020-09-30,5.804,4.854,5.408,5.048,2020,9,30,2,19.6,25.4,16.6,38.3
1004,2020-10-01,7.512,5.274,7.658,4.614,2020,10,1,3,18.8,15.4,10.4,0
1005,2020-10-02,7.094,4.816,6.902,4.28,2020,10,2,4,19.2,22.2,15.4,0
1006,2020-10-03,9.372,5.756,9.908,5.38,2020,10,3,5,19.9,34.4,20.4,0
1007,2020-10-04,8.1,5.796,8.144,4.82,2020,10,4,6,16.6,27.8,15.6,0
1008,2020-10-05,8.53,6.12,7.862,5.054,2020,10,5,0,13.3,21.6,8.6,0
1009,2020-10-06,8.764,7.168,8.308,5.978,2020,10,6,1,14.2,21.0,10.2,0
1010,2020-10-07,8.748,7.424,8.24,5.952,2020,10,7,2,16.0,20.0,10.0,0
1011,2020-10-08,9.662,7.674,8.75,6.14,2020,10,8,3,17.2,13.0,6.6,0
1012,2020-10-09,10.304,6.892,9.126,6.046,2020,10,9,4,17.2,14.6,7.2,0
1013,2020-10-10,10.206,6.862,9.458,5.76,2020,10,10,5,16.9,16.0,9.6,0
1014,2020-10-11,8.916,6.184,8.756,5.308,2020,10,11,6,16.9,19.6,11.8,0
1015,2020-10-12,8.35,7.09,7.748,5.728,2020,10,12,0,16.2,30.4,17.6,0
1016,2020-10-13,8.53,7.3,7.734,5.69,2020,10,13,1,13.6,26.2,11.6,0
1017,2020-10-14,8.122,6.898,7.38,5.566,2020,10,14,2,12.8,30.6,13.2,0
1018,2020-10-15,7.668,6.984,7.598,5.47,2020,10,15,3,11.7,32.2,12.0,0
1019,2020-10-16,7.566,6.876,7.278,5.34,2020,10,16,4,11.8,35.2,18.2,0
1020,2020-10-17,8.85,6.782,7.832,5.652,2020,10,17,5,13.1,28.8,17.8,0
1021,2020-10-18,8.584,6.212,7.588,5.15,2020,10,18,6,13.6,26.2,15.4,0
1022,2020-10-19,8.19,6.88,7.67,5.584,2020,10,19,0,15.1,51.2,30.4,0
1023,2020-10-20,8.634,7.394,8.202,5.86,2020,10,20,1,15.2,52.2,31.6,0
1024,2020-10-21,8.078,7.25,7.51,5.9,2020,10,21,2,14.1,38.6,24.2,0
1025,2020-10-22,7.732,6.854,7.274,5.55,2020,10,22,3,13.5,61.0,28.6,0
1026,2020-10-23,6.972,6.038,6.778,5.16,2020,10,23,4,8.6,23.6,9.0,0
1027,2020-10-24,7.212,5.692,6.284,4.858,2020,10,24,5,8.7,23.8,10.4,0
1028,2020-10-25,7.296,5.494,6.98,4.974,2020,10,25,6,11.8,27.0,15.2,0
1029,2020-10-26,7.728,6.832,7.698,5.614,2020,10,26,0,12.9,47.6,28.0,0
1030,2020-10-27,8.444,7.14,7.698,5.488,2020,10,27,1,14.0,74.0,49.0,0
1031,2020-10-28,8.122,7.192,7.506,5.572,2020,10,28,2,13.8,50.2,29.4,0
1032,2020-10-29,8.086,6.994,7.53,5.38,2020,10,29,3,10.8,34.8,14.4,0
1033,2020-10-30,8.504,6.662,8.402,5.678,2020,10,30,4,11.9,38.8,18.6,0
1034,2020-10-31,8.696,6.306,7.696,5.462,2020,10,31,5,13.6,26.6,14.2,0
1035,2020-11-01,3.39,2.508,2.494,2.192,2020,11,1,6,13.7,40.8,25.6,13.6
1036,2020-11-02,7.66,6.742,7.17,5.264,2020,11,2,0,10.8,40.8,17.4,1.7
1037,2020-11-03,6.096,5.19,5.594,4.08,2020,11,3,1,5.1,20.2,7.6,0.5
1038,2020-11-04,6.844,5.586,6.11,4.434,2020,11,4,2,4.9,27.0,10.2,0
1039,2020-11-05,7.992,6.262,7.076,4.896,2020,11,5,3,9.6,35.2,17.6,0
1040,2020-11-06,8.818,6.834,7.42,5.452,2020,11,6,4,13.5,42.0,25.8,0
1041,2020-11-07,8.142,5.924,6.972,5.036,2020,11,7,5,14.6,79.0,39.0,0.1
1042,2020-11-08,6.034,4.77,5.312,3.772,2020,11,8,6,8.5,53.2,15.2,0
1043,2020-11-09,6.662,6.012,6.02,4.422,2020,11,9,0,5.5,25.0,9.4,0
1044,2020-11-10,7.374,6.368,6.558,4.834,2020,11,10,1,7.7,26.6,12.2,0
1045,2020-11-11,8.098,6.684,7.024,5.0,2020,11,11,2,9.3,38.4,20.6,0
1046,2020-11-12,8.06,6.712,6.982,5.162,2020,11,12,3,10.4,58.0,38.6,0
1047,2020-11-13,8.496,6.824,7.602,5.37,2020,11,13,4,12.2,75.2,51.8,0
1048,2020-11-14,8.078,5.938,6.794,4.86,2020,11,14,5,12.5,63.8,43.6,0
1049,2020-11-15,6.926,5.368,5.872,4.29,2020,11,15,6,11.1,68.0,49.6,0
1050,2020-11-16,8.228,6.73,7.342,5.232,2020,11,16,0,12.4,64.6,44.6,0
1051,2020-11-17,7.732,6.308,6.468,4.696,2020,11,17,1,15.9,59.6,41.4,0.1
1052,2020-11-18,4.078,3.208,3.384,2.416,2020,11,18,2,16.6,40.0,28.4,12.2
1053,2020-11-19,3.324,2.764,2.816,2.024,2020,11,19,3,13.6,17.8,12.0,86.9
1054,2020-11-20,5.836,4.714,4.83,3.56,2020,11,20,4,2.8,20.2,14.75,0
1055,2020-11-21,5.568,4.67,4.726,3.86,2020,11,21,5,6.5,23.8,17.4,0.2
1056,2020-11-22,3.502,2.828,2.558,2.076,2020,11,22,6,5.6,23.8,18.0,4.8
1057,2020-11-23,5.516,4.456,4.598,3.348,2020,11,23,0,1.7,23.8,16.2,0
1058,2020-11-24,5.67,4.782,4.966,3.446,2020,11,24,1,2.9,27.2,18.0,0
1059,2020-11-25,6.224,4.8,5.344,3.566,2020,11,25,2,4.6,39.6,26.4,0
1060,2020-11-26,5.998,5.038,5.414,3.692,2020,11,26,3,5.6,53.0,37.4,0
1061,2020-11-27,5.314,4.748,4.752,3.444,2020,11,27,4,4.1,39.6,27.4,0
1062,2020-11-28,3.768,3.05,2.874,2.326,2020,11,28,5,-0.1,20.6,13.2,0
1063,2020-11-29,3.186,2.638,2.528,2.122,2020,11,29,6,-0.6,23.2,15.4,0
1064,2020-11-30,4.862,3.852,3.98,2.704,2020,11,30,0,-0.2,25.0,16.2,0
1065,2020-12-01,5.088,4.186,4.396,2.952,2020,12,1,1,1.1,30.6,19.6,0
1066,2020-12-02,5.1,4.386,4.632,3.064,2020,12,2,2,2.4,32.4,20.2,0
1067,2020-12-03,4.582,3.992,4.114,2.846,2020,12,3,3,0.7,24.4,15.6,0
1068,2020-12-04,4.884,3.984,4.278,2.676,2020,12,4,4,-0.6,30.6,19.6,0
1069,2020-12-05,4.274,3.408,3.308,2.406,2020,12,5,5,2.1,35.0,24.2,0
1070,2020-12-06,3.926,3.006,3.242,2.496,2020,12,6,6,4.5,44.0,33.8,0
1071,2020-12-07,4.564,3.682,4.15,2.716,2020,12,7,0,3.4,49.6,37.0,0
1072,2020-12-08,4.744,3.712,3.998,2.598,2020,12,8,1,-0.5,22.8,14.8,0
1073,2020-12-09,4.86,3.916,4.194,2.708,2020,12,9,2,1.5,38.2,24.6,0
1074,2020-12-10,5.186,4.18,4.548,2.916,2020,12,10,3,5.8,61.2,45.2,0
1075,2020-12-11,5.268,4.244,4.646,2.978,2020,12,11,4,5.3,98.8,74.2,0
1076,2020-12-12,4.148,3.244,3.606,2.612,2020,12,12,5,2.3,53.2,35.6,0
1077,2020-12-13,1.334,1.124,1.048,0.916,2020,12,13,6,-1.1,35.2,25.6,2.9
1078,2020-12-14,2.696,2.08,2.262,1.5,2020,12,14,0,-7.7,20.0,11.4,0
1079,2020-12-15,2.678,2.146,2.348,1.568,2020,12,15,1,-8.3,16.4,9.8,0
1080,2020-12-16,2.808,2.136,2.24,1.532,2020,12,16,2,-8.3,20.6,12.2,0
1081,2020-12-17,3.176,2.462,2.738,1.782,2020,12,17,3,-4.9,29.2,18.4,0
1082,2020-12-18,3.11,2.522,2.682,1.708,2020,12,18,4,-2.1,32.8,23.0,0.2
1083,2020-12-19,2.65,1.884,1.912,1.522,2020,12,19,5,-5.1,23.0,12.4,0
1084,2020-12-20,2.344,1.834,1.824,1.454,2020,12,20,6,-3.7,24.6,16.4,0
1085,2020-12-21,3.602,2.946,3.222,1.892,2020,12,21,0,-1.0,37.2,28.0,0
1086,2020-12-22,4.182,3.306,3.708,2.302,2020,12,22,1,2.0,49.6,38.4,0
1087,2020-12-23,4.12,3.382,3.722,2.306,2020,12,23,2,4.5,65.8,52.0,0
1088,2020-12-24,3.878,3.164,3.704,2.24,2020,12,24,3,2.6,59.4,38.4,0
1089,2020-12-25,2.664,2.164,2.49,1.68,2020,12,25,4,-0.8,25.8,15.0,0
1090,2020-12-26,3.322,2.77,3.228,2.198,2020,12,26,5,2.2,52.6,32.2,0
1091,2020-12-27,3.528,2.604,3.258,2.038,2020,12,27,6,5.8,63.0,42.8,0
1092,2020-12-28,4.542,3.588,4.506,2.48,2020,12,28,0,6.7,63.0,45.0,1.3
1093,2020-12-29,3.694,3.054,3.222,2.118,2020,12,29,1,0.1,60.4,43.2,0.2
1094,2020-12-30,2.366,1.812,2.012,1.174,2020,12,30,2,-10.9,31.6,14.2,0
1095,2020-12-31,2.366,2.018,1.988,1.358,2020,12,31,3,-8.9,23.8,12.2,0
1096,2021-01-01,2.07,1.65,1.676,1.222,2021,1,1,4,-4.2,25.2,16.6,0
1097,2021-01-02,2.062,1.906,1.822,1.44,2021,1,2,5,-5.0,30.0,12.0,0
1098,2021-01-03,1.918,1.854,1.81,1.278,2021,1,3,6,-5.6,34.6,14.8,0
1099,2021-01-04,3.238,2.716,2.934,1.71,2021,1,4,0,-3.5,36.6,23.4,0
1100,2021-01-05,2.864,2.372,2.526,1.53,2021,1,5,1,-5.5,25.4,16.4,0
1101,2021-01-06,2.26,1.832,2.018,1.156,2021,1,6,2,-7.4,23.2,14.2,2.3
1102,2021-01-07,0.522,0.5,0.54,0.286,2021,1,7,3,-14.5,31.0,12.6,0
1103,2021-01-08,0.76,0.822,0.704,0.48,2021,1,8,4,-14.9,18.2,10.8,0
1104,2021-01-09,0.904,0.944,0.778,0.568,2021,1,9,5,-12.2,24.0,15.8,0
1105,2021-01-10,1.004,1.0,0.924,0.662,2021,1,10,6,-7.7,30.8,22.4,0
1106,2021-01-11,1.816,1.756,1.844,1.184,2021,1,11,0,-6.7,39.8,30.2,0
1107,2021-01-12,1.202,1.134,1.156,0.64,2021,1,12,1,-3.9,58.4,47.8,2.6
1108,2021-01-13,1.852,1.666,1.92,0.996,2021,1,13,2,2.0,94.6,46.6,0
1109,2021-01-14,3.056,2.66,3.17,1.864,2021,1,14,3,1.7,75.0,30.4,0
1110,2021-01-15,3.136,2.618,2.83,1.736,2021,1,15,4,4.5,73.8,36.2,0.2
1111,2021-01-16,2.114,1.988,1.82,1.402,2021,1,16,5,-4.9,50.6,36.6,0
1112,2021-01-17,1.644,1.702,1.408,1.142,2021,1,17,6,-5.5,19.6,14.0,0
1113,2021-01-18,1.71,1.672,1.742,0.956,2021,1,18,0,-3.8,32.0,18.4,0.3
1114,2021-01-19,2.508,2.366,2.478,1.484,2021,1,19,1,-6.3,29.6,15.6,0
1115,2021-01-20,3.408,3.062,3.276,2.004,2021,1,20,2,-0.1,38.0,23.0,0
1116,2021-01-21,1.8,1.378,1.376,0.938,2021,1,21,3,4.5,45.0,29.2,9.2
1117,2021-01-22,3.36,2.908,2.98,1.98,2021,1,22,4,5.5,33.8,26.6,0.1
1118,2021-01-23,3.894,3.226,3.716,2.322,2021,1,23,5,7.6,9.4,7.4,0
1119,2021-01-24,4.842,3.694,4.734,2.718,2021,1,24,6,7.3,11.8,9.4,0
1120,2021-01-25,5.244,4.354,5.064,2.972,2021,1,25,0,7.9,20.2,15.0,0
1121,2021-01-26,2.346,2.182,2.266,1.584,2021,1,26,1,5.3,32.0,24.0,1.7
1122,2021-01-27,4.22,3.588,4.19,2.608,2021,1,27,2,1.7,38.2,21.4,0
1123,2021-01-28,2.214,1.944,2.002,1.336,2021,1,28,3,-2.6,31.4,17.4,2
1124,2021-01-29,2.332,2.174,1.982,1.426,2021,1,29,4,-8.8,22.2,10.2,0
1125,2021-01-30,2.548,2.146,2.244,1.61,2021,1,30,5,-1.6,43.0,21.8,0.5
1126,2021-01-31,3.848,3.012,3.69,2.308,2021,1,31,6,3.2,49.0,27.4,0
1127,2021-02-01,3.898,3.476,3.648,2.306,2021,2,1,0,5.0,65.0,38.8,0.7
1128,2021-02-02,3.124,2.796,2.606,1.708,2021,2,2,1,-5.6,30.8,18.2,0
1129,2021-02-03,3.026,2.71,2.672,1.688,2021,2,3,2,-3.2,30.4,19.2,3.4
1130,2021-02-04,2.06,1.82,1.976,1.082,2021,2,4,3,-3.6,23.8,15.0,0.1
1131,2021-02-05,3.858,3.26,3.298,2.224,2021,2,5,4,1.4,26.0,16.2,0
1132,2021-02-06,4.306,3.24,3.734,2.51,2021,2,6,5,6.8,60.4,40.8,0
1133,2021-02-07,3.552,2.714,3.298,2.25,2021,2,7,6,3.6,80.6,55.8,0
1134,2021-02-08,3.216,2.852,2.992,1.994,2021,2,8,0,-3.1,26.8,17.4,0
1135,2021-02-09,3.922,3.438,3.558,2.214,2021,2,9,1,-0.9,23.6,15.0,0
1136,2021-02-10,4.45,3.6,3.896,2.574,2021,2,10,2,3.4,33.4,22.8,0
1137,2021-02-11,3.478,2.842,3.354,2.194,2021,2,11,3,5.5,65.4,47.8,0
1138,2021-02-12,3.886,2.738,3.816,2.444,2021,2,12,4,6.5,76.6,58.0,0
1139,2021-02-13,5.274,3.706,5.596,3.07,2021,2,13,5,7.6,85.6,65.2,0
1140,2021-02-14,4.726,3.364,4.158,2.72,2021,2,14,6,9.5,89.0,61.4,0
1141,2021-02-15,3.23,2.772,2.738,1.87,2021,2,15,0,1.2,54.6,34.8,1.4
1142,2021-02-16,2.298,1.984,1.868,1.31,2021,2,16,1,-5.1,22.6,13.0,1.5
1143,2021-02-17,2.278,2.022,1.912,1.254,2021,2,17,2,-8.3,38.4,11.8,0
1144,2021-02-18,3.06,2.51,2.608,1.636,2021,2,18,3,-5.8,38.4,14.0,0
1145,2021-02-19,4.384,3.514,3.852,2.512,2021,2,19,4,1.6,43.8,23.6,0
1146,2021-02-20,6.432,4.582,6.022,3.452,2021,2,20,5,8.8,67.0,37.6,0
1147,2021-02-21,7.858,5.126,7.754,3.878,2021,2,21,6,10.8,66.2,40.2,0
1148,2021-02-22,5.648,4.498,5.07,2.95,2021,2,22,0,7.8,54.2,28.4,0
1149,2021-02-23,4.544,3.712,4.12,2.566,2021,2,23,1,0.0,45.4,14.2,0
1150,2021-02-24,5.55,4.416,5.074,2.812,2021,2,24,2,2.9,47.8,21.0,0
1151,2021-02-25,5.386,4.548,4.698,2.85,2021,2,25,3,4.2,53.4,29.8,0
1152,2021-02-26,7.172,5.126,6.546,3.538,2021,2,26,4,8.2,34.2,19.6,0
1153,2021-02-27,8.086,5.648,7.952,4.438,2021,2,27,5,9.5,15.6,9.6,0
1154,2021-02-28,6.798,4.644,6.344,3.56,2021,2,28,6,7.8,23.2,13.8,0
1155,2021-03-01,0.354,0.322,0.23,0.212,2021,3,1,0,4.7,26.2,17.2,67.5
1156,2021-03-02,4.966,4.208,4.636,2.528,2021,3,2,1,2.3,9.25,5.75,0.1
1157,2021-03-03,6.32,5.154,5.646,3.298,2021,3,3,2,4.4,32.2,20.2,0
1158,2021-03-04,6.526,5.366,5.822,3.646,2021,3,4,3,7.2,45.2,28.0,0
1159,2021-03-05,8.048,6.098,7.156,4.104,2021,3,5,4,9.0,36.6,22.6,0
1160,2021-03-06,5.756,4.59,5.518,3.436,2021,3,6,5,6.6,26.4,16.8,0
1161,2021-03-07,7.848,5.252,6.904,4.068,2021,3,7,6,6.2,21.75,13.2,0
1162,2021-03-08,7.066,5.786,6.302,3.894,2021,3,8,0,7.0,38.6,25.2,0
1163,2021-03-09,7.062,5.812,6.406,3.954,2021,3,9,1,6.6,48.2,30.2,0
1164,2021-03-10,8.012,6.298,7.14,4.324,2021,3,10,2,8.8,91.4,65.4,0
1165,2021-03-11,7.536,5.89,6.512,4.226,2021,3,11,3,10.2,121.0,87.4,0
1166,2021-03-12,6.596,5.428,5.604,3.586,2021,3,12,4,10.5,74.6,51.4,0
1167,2021-03-13,8.644,5.976,7.872,4.404,2021,3,13,5,9.2,54.6,35.4,0
1168,2021-03-14,8.1,5.518,6.902,4.038,2021,3,14,6,9.1,80.0,58.2,0
1169,2021-03-15,7.152,5.94,6.236,4.154,2021,3,15,0,10.6,89.4,63.6,1.7
1170,2021-03-16,7.114,5.818,6.094,4.096,2021,3,16,1,8.4,79.2,15.75,1.3
1171,2021-03-17,8.28,6.284,7.2,4.694,2021,3,17,2,8.8,94.0,17.2,0
1172,2021-03-18,8.748,6.992,7.258,4.742,2021,3,18,3,11.7,97.4,39.8,0
1173,2021-03-19,10.35,7.658,8.548,5.298,2021,3,19,4,15.3,61.2,22.4,0
1174,2021-03-20,2.59,2.346,2.294,1.814,2021,3,20,5,9.9,26.4,12.2,5.1
1175,2021-03-21,5.286,4.364,4.638,3.384,2021,3,21,6,5.8,43.0,31.6,0.3
1176,2021-03-22,7.16,5.948,6.238,4.046,2021,3,22,0,6.2,36.6,16.4,0
1177,2021-03-23,8.278,6.65,7.44,4.758,2021,3,23,1,9.1,75.6,29.0,0
1178,2021-03-24,8.796,7.064,7.992,4.766,2021,3,24,2,10.8,63.8,28.0,0
1179,2021-03-25,9.342,7.394,7.972,5.342,2021,3,25,3,11.9,61.6,29.6,0
1180,2021-03-26,10.26,7.596,8.53,5.37,2021,3,26,4,12.6,99.6,60.0,0
1181,2021-03-27,2.24,1.646,1.674,1.404,2021,3,27,5,12.1,57.8,31.0,25.5
1182,2021-03-28,3.236,2.424,2.572,1.772,2021,3,28,6,9.0,16.4,12.0,9.2
1183,2021-03-29,6.9,6.116,6.082,3.914,2021,3,29,0,10.2,262.0,44.0,0.2
1184,2021-03-30,9.62,7.796,8.44,5.598,2021,3,30,1,10.8,128.0,26.4,0
1185,2021-03-31,11.206,8.488,10.144,6.048,2021,3,31,2,14.5,39.8,17.4,0
1186,2021-04-01,11.448,8.896,10.542,6.374,2021,4,1,3,17.7,40.6,14.4,0
1187,2021-04-02,11.074,8.382,9.974,6.408,2021,4,2,4,17.8,45.0,13.0,0
1188,2021-04-03,1.636,1.236,1.028,1.07,2021,4,3,5,14.9,30.6,12.8,56.2
1189,2021-04-04,9.3,6.442,8.732,4.958,2021,4,4,6,11.9,9.6,4.75,0.6
1190,2021-04-05,10.232,8.166,9.724,6.018,2021,4,5,0,11.9,19.0,9.8,0
1191,2021-04-06,11.306,8.91,9.442,5.978,2021,4,6,1,13.9,38.6,20.6,0
1192,2021-04-07,11.188,8.566,9.388,6.302,2021,4,7,2,14.1,52.0,30.6,0
1193,2021-04-08,10.25,8.032,8.818,5.672,2021,4,8,3,13.0,32.0,15.0,0
1194,2021-04-09,11.186,8.496,10.05,6.112,2021,4,9,4,13.6,30.8,15.4,0
1195,2021-04-10,11.804,7.666,10.506,6.006,2021,4,10,5,12.6,32.6,18.6,0
1196,2021-04-11,11.556,7.658,11.572,6.276,2021,4,11,6,15.0,46.2,25.4,0
1197,2021-04-12,2.91,2.386,1.994,1.668,2021,4,12,0,13.8,37.0,19.8,22
1198,2021-04-13,7.286,6.298,7.028,4.772,2021,4,13,1,10.4,10.0,5.75,8
1199,2021-04-14,8.662,7.65,8.136,5.26,2021,4,14,2,8.4,26.0,13.8,0
1200,2021-04-15,10.31,8.292,9.056,5.882,2021,4,15,3,11.6,44.6,22.8,0
1201,2021-04-16,7.646,6.608,6.298,4.56,2021,4,16,4,11.3,55.4,16.0,0.7
1202,2021-04-17,6.664,5.144,5.846,3.5,2021,4,17,5,9.6,72.0,14.8,0
1203,2021-04-18,9.858,7.162,9.314,5.608,2021,4,18,6,9.9,29.4,13.0,0
1204,2021-04-19,9.96,8.368,9.214,5.728,2021,4,19,0,12.2,45.8,21.2,0
1205,2021-04-20,10.666,8.498,8.804,6.214,2021,4,20,1,14.8,67.0,33.4,0
1206,2021-04-21,10.96,9.12,9.478,6.362,2021,4,21,2,19.1,73.6,35.0,0
1207,2021-04-22,10.772,8.894,9.21,6.37,2021,4,22,3,20.9,74.4,37.8,0
1208,2021-04-23,10.77,8.862,9.208,6.192,2021,4,23,4,19.0,43.2,21.4,0
1209,2021-04-24,11.896,8.46,10.854,6.774,2021,4,24,5,18.3,21.8,11.2,0
1210,2021-04-25,12.752,8.612,11.826,6.554,2021,4,25,6,18.2,22.6,11.6,0
1211,2021-04-26,11.402,9.326,9.938,6.51,2021,4,26,0,16.2,25.6,12.6,0
1212,2021-04-27,9.516,7.974,8.488,5.612,2021,4,27,1,15.4,30.0,14.6,1.7
1213,2021-04-28,10.894,8.604,9.134,6.144,2021,4,28,2,14.5,65.2,24.4,4.7
1214,2021-04-29,9.372,8.144,8.494,5.56,2021,4,29,3,14.6,61.6,20.2,3.9
1215,2021-04-30,7.722,6.348,6.364,4.22,2021,4,30,4,11.3,27.4,14.6,26.3
1216,2021-05-01,3.714,3.014,3.016,2.646,2021,5,1,5,10.2,24.2,13.2,8
1217,2021-05-02,10.966,7.848,11.012,6.376,2021,5,2,6,12.4,14.2,6.4,1.7
1218,2021-05-03,11.156,9.37,10.17,6.692,2021,5,3,0,14.1,29.8,16.6,0
1219,2021-05-04,2.734,2.172,1.894,1.484,2021,5,4,1,13.8,29.2,16.0,19.6
1220,2021-05-05,12.446,8.32,12.348,6.262,2021,5,5,2,13.9,40.8,10.6,0.1
1221,2021-05-06,11.304,8.946,10.466,6.42,2021,5,6,3,15.7,66.4,16.4,0
1222,2021-05-07,8.602,6.78,6.69,4.752,2021,5,7,4,14.4,343.8,59.8,8.8
1223,2021-05-08,7.154,5.456,5.334,4.646,2021,5,8,5,14.3,468.4,74.8,0
1224,2021-05-09,11.83,7.846,10.164,6.286,2021,5,9,6,15.7,50.4,10.6,0
1225,2021-05-10,8.954,7.794,7.29,5.528,2021,5,10,0,13.2,20.8,9.4,0
1226,2021-05-11,11.838,10.048,10.316,7.154,2021,5,11,1,18.5,20.4,8.8,0
1227,2021-05-12,12.036,10.058,10.31,7.334,2021,5,12,2,22.0,22.2,10.6,0
1228,2021-05-13,12.022,10.236,9.986,7.236,2021,5,13,3,22.9,41.2,22.0,0
1229,2021-05-14,12.36,9.876,9.936,7.266,2021,5,14,4,24.1,57.4,31.8,0
1230,2021-05-15,3.532,2.904,2.602,2.36,2021,5,15,5,22.1,49.2,32.0,15
1231,2021-05-16,0.3,0.218,0.18,0.17,2021,5,16,6,18.4,6.4,3.6,66.9
1232,2021-05-17,5.608,4.974,4.978,3.494,2021,5,17,0,15.3,12.6,4.4,3.1
1233,2021-05-18,11.084,9.858,9.902,7.142,2021,5,18,1,17.9,25.8,12.6,0
1234,2021-05-19,13.204,9.448,12.27,7.38,2021,5,19,2,19.9,32.4,18.0,0
1235,2021-05-20,6.416,5.488,5.366,3.78,2021,5,20,3,18.7,23.6,11.6,0.9
1236,2021-05-21,7.084,6.058,5.92,4.358,2021,5,21,4,16.0,14.2,7.2,6.9
1237,2021-05-22,12.506,9.218,10.858,7.338,2021,5,22,5,18.6,26.0,15.0,0.2
1238,2021-05-23,11.708,8.37,9.864,6.908,2021,5,23,6,19.5,31.8,21.2,0
1239,2021-05-24,11.344,9.524,9.836,6.782,2021,5,24,0,19.4,122.4,28.2,0
1240,2021-05-25,8.998,7.382,6.882,5.212,2021,5,25,1,15.3,101.4,24.4,8.3
1241,2021-05-26,11.092,9.358,9.62,6.392,2021,5,26,2,18.0,43.6,15.0,0
1242,2021-05-27,7.15,5.878,5.006,4.508,2021,5,27,3,15.8,40.8,17.6,8.9
1243,2021-05-28,6.978,6.328,5.128,4.866,2021,5,28,4,15.3,37.8,19.4,12.3
1244,2021-05-29,6.104,4.902,4.558,3.418,2021,5,29,5,15.4,20.0,10.8,0.3
1245,2021-05-30,8.42,6.366,8.33,5.222,2021,5,30,6,18.4,24.2,12.6,18.1
1246,2021-05-31,10.022,8.674,9.012,6.344,2021,5,31,0,19.9,33.4,17.6,4
1247,2021-06-01,10.17,8.192,8.136,6.006,2021,6,1,1,20.2,39.6,22.8,3.2
1248,2021-06-02,11.884,10.086,9.914,7.174,2021,6,2,2,23.2,49.8,28.6,0
1249,2021-06-03,3.776,3.542,2.842,2.174,2021,6,3,3,19.1,33.6,18.8,18.1
1250,2021-06-04,10.74,9.88,10.548,6.778,2021,6,4,4,18.5,25.8,11.6,0
1251,2021-06-05,12.092,8.624,10.676,7.19,2021,6,5,5,20.8,42.0,22.6,0
1252,2021-06-06,11.194,8.376,9.838,6.596,2021,6,6,6,23.0,61.0,35.2,0
1253,2021-06-07,10.608,9.402,9.072,6.344,2021,6,7,0,21.1,37.0,17.6,0
1254,2021-06-08,11.202,10.22,9.724,6.996,2021,6,8,1,23.6,37.0,21.6,0.1
1255,2021-06-09,10.766,9.82,9.54,6.878,2021,6,9,2,25.8,40.4,23.6,0
1256,2021-06-10,7.048,6.588,6.168,4.208,2021,6,10,3,24.9,50.8,32.6,6.1
1257,2021-06-11,10.528,9.162,9.224,6.212,2021,6,11,4,21.5,21.6,14.6,4.6
1258,2021-06-12,11.464,8.188,8.958,6.686,2021,6,12,5,24.2,20.2,11.8,0
1259,2021-06-13,10.294,7.234,8.046,6.01,2021,6,13,6,24.8,32.0,20.2,0
1260,2021-06-14,11.21,9.712,9.086,6.864,2021,6,14,0,24.8,39.4,25.0,0
1261,2021-06-15,9.212,7.832,6.964,5.356,2021,6,15,1,22.5,28.4,16.4,1.9
1262,2021-06-16,12.496,10.862,10.438,7.472,2021,6,16,2,24.3,11.0,4.8,0
1263,2021-06-17,10.104,9.114,8.57,6.448,2021,6,17,3,21.9,17.2,8.8,0
1264,2021-06-18,7.352,6.65,5.484,4.922,2021,6,18,4,20.0,17.6,11.2,6.3
1265,2021-06-19,12.086,8.602,9.404,6.9,2021,6,19,5,22.3,40.4,25.2,0
1266,2021-06-20,10.61,8.296,9.088,6.606,2021,6,20,6,22.9,51.0,31.0,0
1267,2021-06-21,12.168,10.7,10.588,7.342,2021,6,21,0,23.6,41.2,23.8,0
1268,2021-06-22,10.902,9.77,9.138,5.956,2021,6,22,1,22.8,20.0,11.4,0
1269,2021-06-23,10.582,9.848,9.306,7.314,2021,6,23,2,22.4,16.6,9.8,7.5
1270,2021-06-24,10.94,9.408,10.142,6.054,2021,6,24,3,23.0,29.4,18.6,0
1271,2021-06-25,11.898,10.44,10.478,7.688,2021,6,25,4,24.1,38.4,25.4,0
1272,2021-06-26,9.758,7.588,8.24,5.744,2021,6,26,5,22.8,20.6,13.6,4.5
1273,2021-06-27,9.002,6.936,7.27,5.534,2021,6,27,6,24.5,19.8,13.6,38.2
1274,2021-06-28,10.232,9.082,8.712,5.386,2021,6,28,0,23.7,23.4,15.6,0.1
1275,2021-06-29,9.278,8.034,7.896,5.316,2021,6,29,1,23.9,29.8,20.4,8
1276,2021-06-30,10.348,9.28,8.68,6.032,2021,6,30,2,24.3,36.6,25.0,6
1277,2021-07-01,11.636,10.31,9.878,7.548,2021,7,1,3,26.3,33.0,23.0,0
1278,2021-07-02,12.0,9.88,10.24,7.346,2021,7,2,4,27.1,23.8,16.4,0
1279,2021-07-03,4.828,3.946,3.466,2.946,2021,7,3,5,22.6,12.2,7.6,60
1280,2021-07-04,3.216,2.556,2.656,1.906,2021,7,4,6,21.4,8.2,4.2,21.4
1281,2021-07-05,11.176,10.232,9.598,7.206,2021,7,5,0,23.3,20.0,11.0,0
1282,2021-07-06,11.546,10.606,10.016,7.572,2021,7,6,1,25.3,41.4,26.4,0
1283,2021-07-07,10.112,9.21,8.664,6.56,2021,7,7,2,26.4,29.6,19.8,12.7
1284,2021-07-08,9.918,9.158,8.574,6.062,2021,7,8,3,26.0,23.6,15.25,2.9
1285,2021-07-09,11.418,10.536,9.606,6.972,2021,7,9,4,25.5,16.6,10.4,0
1286,2021-07-10,9.74,8.424,7.918,6.406,2021,7,10,5,25.9,24.8,18.2,0.5
1287,2021-07-11,7.696,6.198,6.498,3.962,2021,7,11,6,25.7,30.8,21.8,0.4
1288,2021-07-12,10.646,9.89,8.818,6.936,2021,7,12,0,28.1,27.0,19.2,0
1289,2021-07-13,10.982,9.756,9.114,6.914,2021,7,13,1,28.8,33.8,23.2,0
1290,2021-07-14,10.56,9.744,8.882,6.888,2021,7,14,2,29.7,24.2,15.0,0
1291,2021-07-15,7.994,7.556,6.86,4.718,2021,7,15,3,29.1,20.4,12.2,0
1292,2021-07-16,10.114,9.07,8.146,6.276,2021,7,16,4,28.8,18.4,10.2,0
1293,2021-07-17,10.156,7.276,8.11,5.978,2021,7,17,5,29.1,13.8,8.2,0
1294,2021-07-18,8.892,7.392,7.598,5.528,2021,7,18,6,29.6,11.6,7.4,0
1295,2021-07-19,9.49,8.518,7.394,5.996,2021,7,19,0,26.4,13.2,7.8,67.4
1296,2021-07-20,11.478,9.962,9.484,6.76,2021,7,20,1,27.9,17.6,10.6,0
1297,2021-07-21,10.858,9.106,8.692,6.192,2021,7,21,2,30.5,18.8,12.0,0
1298,2021-07-22,10.222,9.044,8.572,6.094,2021,7,22,3,31.2,22.0,14.2,0
1299,2021-07-23,10.452,9.042,8.572,6.14,2021,7,23,4,31.2,26.0,18.0,0
1300,2021-07-24,9.004,7.12,7.182,5.478,2021,7,24,5,31.7,23.0,16.4,0
1301,2021-07-25,8.252,6.21,6.104,4.578,2021,7,25,6,31.5,20.8,15.6,0
1302,2021-07-26,10.716,8.96,8.53,5.934,2021,7,26,0,31.2,21.0,14.4,0
1303,2021-07-27,10.184,8.922,8.398,6.18,2021,7,27,1,31.1,25.4,17.8,0
1304,2021-07-28,10.336,8.77,8.128,6.222,2021,7,28,2,30.4,32.0,24.8,0
1305,2021-07-29,9.134,8.672,8.228,5.944,2021,7,29,3,29.6,45.6,35.4,0
1306,2021-07-30,10.638,8.79,9.006,6.306,2021,7,30,4,30.5,29.6,21.2,0
1307,2021-07-31,8.998,6.774,6.836,5.36,2021,7,31,5,29.8,22.8,16.2,3
1308,2021-08-01,4.392,3.536,3.226,2.726,2021,8,1,6,27.1,26.4,19.4,21
1309,2021-08-02,9.232,7.51,6.814,5.278,2021,8,2,0,26.5,12.6,7.6,1.7
1310,2021-08-03,10.974,9.148,8.714,6.402,2021,8,3,1,28.0,19.2,11.6,0
1311,2021-08-04,10.87,9.338,8.538,6.522,2021,8,4,2,28.9,24.6,15.8,0
1312,2021-08-05,10.896,9.054,8.798,6.504,2021,8,5,3,29.4,24.8,17.8,0
1313,2021-08-06,10.644,9.08,8.77,6.552,2021,8,6,4,28.1,17.6,11.0,0
1314,2021-08-07,10.832,8.254,8.158,6.442,2021,8,7,5,28.0,16.8,9.0,0
1315,2021-08-08,8.838,6.246,6.138,5.386,2021,8,8,6,26.8,16.2,10.2,12.7
1316,2021-08-09,11.876,10.128,9.516,6.976,2021,8,9,0,28.3,10.8,5.6,0
1317,2021-08-10,12.25,10.214,9.888,7.04,2021,8,10,1,27.7,18.0,10.8,0
1318,2021-08-11,12.144,10.108,9.8,6.978,2021,8,11,2,27.4,32.8,23.8,0
1319,2021-08-12,8.416,7.534,6.854,5.024,2021,8,12,3,26.8,35.6,26.2,0
1320,2021-08-13,11.824,10.404,10.498,7.258,2021,8,13,4,26.6,24.8,17.0,0
1321,2021-08-14,12.18,8.988,10.478,7.148,2021,8,14,5,26.1,14.2,7.8,0
1322,2021-08-15,11.374,8.684,10.808,6.39,2021,8,15,6,26.9,11.2,6.6,0
1323,2021-08-16,12.006,9.068,10.612,7.054,2021,8,16,0,27.3,18.4,12.0,0
1324,2021-08-17,7.588,6.456,5.884,4.852,2021,8,17,1,25.9,14.6,8.6,9.3
1325,2021-08-18,11.016,9.176,9.394,6.502,2021,8,18,2,24.3,11.6,5.6,5.6
1326,2021-08-19,13.218,10.918,11.096,7.42,2021,8,19,3,26.0,14.4,7.4,0
1327,2021-08-20,12.442,10.458,10.568,7.304,2021,8,20,4,26.6,18.2,11.0,0
1328,2021-08-21,3.664,2.778,3.032,2.068,2021,8,21,5,23.8,14.0,7.6,62.8
1329,2021-08-22,11.918,7.818,10.098,6.444,2021,8,22,6,24.4,23.2,15.2,0
1330,2021-08-23,4.47,4.032,3.37,2.57,2021,8,23,0,22.4,25.4,16.2,7.4
1331,2021-08-24,3.98,2.99,3.06,1.764,2021,8,24,1,23.4,12.4,5.0,10.5
1332,2021-08-25,9.852,9.276,8.876,6.106,2021,8,25,2,25.0,17.2,7.8,0.3
1333,2021-08-26,10.622,9.242,9.048,6.356,2021,8,26,3,25.5,38.6,20.8,0.7
1334,2021-08-27,7.45,6.692,6.282,4.768,2021,8,27,4,22.4,32.8,16.8,0.9
1335,2021-08-28,12.818,9.304,10.81,7.156,2021,8,28,5,23.6,32.6,17.8,0
1336,2021-08-29,12.204,8.588,10.344,6.828,2021,8,29,6,23.7,30.2,20.0,0.9
1337,2021-08-30,13.242,11.016,10.778,7.402,2021,8,30,0,24.2,38.6,24.6,0
1338,2021-08-31,2.69,2.262,1.93,1.49,2021,8,31,1,20.5,29.2,18.8,77.4
1339,2021-09-01,10.466,8.796,8.758,6.394,2021,9,1,2,21.4,6.2,1.2,0.8
1340,2021-09-02,13.036,11.172,11.166,7.528,2021,9,2,3,23.5,12.8,4.4,0
1341,2021-09-03,14.56,11.348,11.992,7.864,2021,9,3,4,24.3,14.0,4.8,0
1342,2021-09-04,15.184,10.02,13.366,7.814,2021,9,4,5,23.2,9.4,2.6,0
1343,2021-09-05,14.042,9.676,12.248,7.516,2021,9,5,6,23.1,9.6,3.6,0
1344,2021-09-06,7.042,6.21,5.524,4.21,2021,9,6,0,22.3,15.8,6.8,12
1345,2021-09-07,1.178,1.2,1.168,0.72,2021,9,7,1,19.6,8.6,3.6,29.6
1346,2021-09-08,11.99,10.618,10.842,6.866,2021,9,8,2,22.2,9.0,3.2,1.6
1347,2021-09-09,13.222,11.708,11.394,7.83,2021,9,9,3,23.5,25.4,12.4,0
1348,2021-09-10,13.328,10.932,10.928,7.466,2021,9,10,4,23.6,28.6,16.2,0
1349,2021-09-11,13.766,9.524,11.072,7.538,2021,9,11,5,24.0,30.6,20.2,0
1350,2021-09-12,13.08,9.192,10.448,6.65,2021,9,12,6,24.2,21.2,13.0,0
1351,2021-09-13,12.614,11.012,10.046,7.298,2021,9,13,0,24.8,24.6,13.6,0
1352,2021-09-14,12.646,10.83,10.742,7.472,2021,9,14,1,24.6,19.8,9.0,0
1353,2021-09-15,12.718,11.14,10.844,7.852,2021,9,15,2,23.6,13.8,4.4,0
1354,2021-09-16,13.51,11.15,11.038,7.746,2021,9,16,3,22.9,13.0,3.6,0
1355,2021-09-17,13.83,11.102,11.398,8.028,2021,9,17,4,23.5,11.4,3.4,0
1356,2021-09-18,12.54,9.008,10.364,6.962,2021,9,18,5,23.9,10.2,3.6,0
1357,2021-09-19,10.596,7.336,8.89,6.402,2021,9,19,6,23.7,10.6,4.8,0
1358,2021-09-20,9.514,6.532,8.55,6.322,2021,9,20,0,23.7,11.2,4.6,0
1359,2021-09-21,7.432,5.268,6.538,4.628,2021,9,21,1,22.0,16.8,9.0,68.1
1360,2021-09-22,10.58,7.758,10.414,6.324,2021,9,22,2,20.2,11.6,5.0,4.5
1361,2021-09-23,13.218,10.958,11.342,7.596,2021,9,23,3,20.9,14.8,6.5,0
1362,2021-09-24,13.664,11.068,11.148,7.942,2021,9,24,4,21.8,16.6,7.6,0
1363,2021-09-25,13.542,9.788,11.39,7.826,2021,9,25,5,21.2,8.0,2.0,0
1364,2021-09-26,13.616,9.248,11.944,7.276,2021,9,26,6,22.6,7.0,1.8,0
1365,2021-09-27,11.354,9.72,9.308,6.6,2021,9,27,0,21.6,9.6,2.8,0
1366,2021-09-28,7.302,7.084,5.798,4.574,2021,9,28,1,21.5,12.2,4.6,1.3
1367,2021-09-29,5.252,4.564,4.494,3.202,2021,9,29,2,20.2,13.6,6.8,13.1
1368,2021-09-30,13.082,11.298,10.772,7.464,2021,9,30,3,20.3,19.4,7.8,0
1369,2021-10-01,12.176,10.488,10.164,7.252,2021,10,1,4,21.1,32.4,16.2,13.3
1370,2021-10-02,13.204,9.494,11.63,7.362,2021,10,2,5,20.7,26.6,12.6,0
1371,2021-10-03,13.926,8.944,11.87,7.136,2021,10,3,6,22.3,36.8,21.6,0
1372,2021-10-04,7.594,5.814,5.756,4.29,2021,10,4,0,22.9,39.0,17.6,3.6
1373,2021-10-05,10.248,8.41,8.228,6.432,2021,10,5,1,23.6,38.6,12.8,0
1374,2021-10-06,7.41,5.912,5.316,4.002,2021,10,6,2,18.8,7.6,1.6,6.4
1375,2021-10-07,10.308,8.638,8.07,6.33,2021,10,7,3,19.4,13.8,5.4,4.6
1376,2021-10-08,6.074,5.58,5.146,3.676,2021,10,8,4,18.8,21.2,10.0,3.5
1377,2021-10-09,11.336,7.942,10.142,6.788,2021,10,9,5,20.9,12.2,3.8,0.4
1378,2021-10-10,3.48,2.682,2.844,2.09,2021,10,10,6,19.9,20.6,10.4,14.2
1379,2021-10-11,11.192,8.218,10.058,6.38,2021,10,11,0,15.2,26.4,8.2,0.3
1380,2021-10-12,11.64,9.666,9.9,7.044,2021,10,12,1,17.9,12.2,2.6,0
1381,2021-10-13,12.562,10.522,10.528,7.538,2021,10,13,2,19.6,13.8,3.8,0
1382,2021-10-14,12.85,10.668,10.588,7.926,2021,10,14,3,19.7,20.8,8.4,0
1383,2021-10-15,11.29,9.474,9.022,6.872,2021,10,15,4,19.0,23.4,11.4,0
1384,2021-10-16,7.82,6.428,5.672,5.092,2021,10,16,5,10.7,28.6,7.4,0
1385,2021-10-17,6.438,5.36,5.07,4.038,2021,10,17,6,5.6,20.0,4.8,0
1386,2021-10-18,7.526,6.642,6.574,4.628,2021,10,18,0,9.6,24.0,8.4,5.6
1387,2021-10-19,8.604,7.852,7.564,5.576,2021,10,19,1,10.9,26.4,16.0,4.4
1388,2021-10-20,9.734,8.754,8.328,6.212,2021,10,20,2,9.5,28.6,15.0,0
1389,2021-10-21,10.014,8.864,8.352,6.21,2021,10,21,3,9.8,30.4,16.6,0
1390,2021-10-22,11.18,9.138,8.796,6.53,2021,10,22,4,10.8,34.8,19.0,0
1391,2021-10-23,10.384,7.322,8.388,5.912,2021,10,23,5,11.4,36.0,19.2,0
1392,2021-10-24,9.84,6.806,7.938,5.266,2021,10,24,6,11.4,29.6,18.2,0
1393,2021-10-25,10.66,8.548,8.792,6.22,2021,10,25,0,11.7,28.6,15.2,0
1394,2021-10-26,11.468,9.44,9.322,6.864,2021,10,26,1,13.0,39.6,22.4,0
1395,2021-10-27,11.236,9.492,9.206,6.506,2021,10,27,2,13.4,47.0,27.0,0
1396,2021-10-28,11.618,9.684,9.458,6.792,2021,10,28,3,12.7,29.0,11.8,0
1397,2021-10-29,11.844,9.604,9.466,6.734,2021,10,29,4,14.6,22.6,7.8,0
1398,2021-10-30,10.536,7.766,8.63,6.268,2021,10,30,5,13.8,22.6,10.6,0
1399,2021-10-31,8.61,6.486,7.942,5.206,2021,10,31,6,14.1,28.8,17.0,0.7
1400,2021-11-01,10.632,9.248,9.08,6.354,2021,11,1,0,12.9,33.0,19.6,0
1401,2021-11-02,11.508,9.898,9.804,7.076,2021,11,2,1,11.5,39.0,24.8,0
1402,2021-11-03,11.33,9.942,9.726,6.89,2021,11,3,2,12.1,43.6,26.6,0
1403,2021-11-04,11.29,9.596,9.412,6.57,2021,11,4,3,12.1,56.6,36.4,0
1404,2021-11-05,11.95,9.91,9.834,6.696,2021,11,5,4,13.0,61.2,37.4,0
1405,2021-11-06,11.27,8.254,9.206,6.438,2021,11,6,5,14.1,52.0,30.6,0
1406,2021-11-07,10.56,7.628,9.008,5.934,2021,11,7,6,15.3,31.2,17.6,0
1407,2021-11-08,1.796,1.958,1.216,1.54,2021,11,8,0,8.6,10.4,3.2,25.7
1408,2021-11-09,3.904,3.654,2.766,2.756,2021,11,9,1,4.9,9.8,4.6,2
1409,2021-11-10,7.078,6.594,5.61,4.61,2021,11,10,2,4.2,14.0,6.4,0.3
1410,2021-11-11,8.1,7.1,6.498,5.004,2021,11,11,3,5.3,17.2,6.4,0
1411,2021-11-12,8.068,7.024,6.676,5.056,2021,11,12,4,4.5,18.4,7.0,0
1412,2021-11-13,7.962,6.212,6.74,4.898,2021,11,13,5,7.3,26.6,11.4,0
1413,2021-11-14,8.412,6.496,6.85,4.802,2021,11,14,6,11.3,53.0,26.6,0
1414,2021-11-15,9.348,8.186,7.818,5.55,2021,11,15,0,10.1,60.6,27.8,0
1415,2021-11-16,9.772,8.266,7.834,5.728,2021,11,16,1,8.5,51.2,22.4,0
1416,2021-11-17,9.51,8.166,7.586,5.622,2021,11,17,2,7.5,39.0,19.0,0
1417,2021-11-18,9.598,7.828,7.85,5.428,2021,11,18,3,11.9,56.8,27.4,0
1418,2021-11-19,10.072,8.288,8.346,5.936,2021,11,19,4,12.9,104.0,61.2,0
1419,2021-11-20,8.238,6.54,6.042,4.914,2021,11,20,5,10.4,133.6,89.4,0
1420,2021-11-21,6.226,5.12,4.728,3.912,2021,11,21,6,10.4,120.6,85.8,5.9
1421,2021-11-22,6.234,5.7,5.058,3.75,2021,11,22,0,2.7,42.4,14.2,1.3
1422,2021-11-23,6.186,5.7,4.918,3.784,2021,11,23,1,-0.6,28.0,9.8,0
1423,2021-11-24,7.268,6.636,6.166,4.444,2021,11,24,2,4.1,25.4,10.8,0
1424,2021-11-25,7.666,6.834,6.7,4.69,2021,11,25,3,5.7,46.6,18.8,0
1425,2021-11-26,7.408,6.27,6.242,4.472,2021,11,26,4,2.9,24.4,11.6,0
1426,2021-11-27,6.572,5.17,5.182,3.982,2021,11,27,5,3.4,35.4,19.8,0
1427,2021-11-28,6.248,5.1,4.806,3.736,2021,11,28,6,5.1,44.2,29.8,0
1428,2021-11-29,8.454,7.214,6.676,4.972,2021,11,29,0,7.6,52.4,35.0,0
1429,2021-11-30,2.648,2.326,1.784,1.506,2021,11,30,1,5.7,24.2,15.8,27.2
1430,2021-12-01,5.412,4.854,4.224,3.252,2021,12,1,2,-1.3,17.6,9.4,0
1431,2021-12-02,6.152,4.94,4.85,3.268,2021,12,2,3,1.3,23.0,13.0,0.1
1432,2021-12-03,6.342,5.55,4.888,3.632,2021,12,3,4,1.9,20.6,8.6,0.4
1433,2021-12-04,5.46,4.492,3.786,3.462,2021,12,4,5,1.4,25.0,14.0,0
1434,2021-12-05,5.494,4.478,4.098,3.536,2021,12,5,6,2.9,34.0,22.2,0
1435,2021-12-06,7.536,6.586,6.37,4.1,2021,12,6,0,5.4,43.0,26.2,0
1436,2021-12-07,7.892,7.09,6.594,4.536,2021,12,7,1,6.8,47.4,29.6,0
1437,2021-12-08,7.932,7.01,6.516,4.768,2021,12,8,2,6.7,32.4,17.6,0
1438,2021-12-09,8.086,6.898,6.75,4.53,2021,12,9,3,6.5,32.0,17.8,0
1439,2021-12-10,6.766,5.5,5.426,3.65,2021,12,10,4,7.0,29.4,16.6,0.7
1440,2021-12-11,6.562,5.094,4.922,4.006,2021,12,11,5,6.0,66.2,43.4,0
1441,2021-12-12,4.37,3.454,3.168,2.63,2021,12,12,6,1.2,41.0,24.0,0
1442,2021-12-13,5.814,5.174,4.41,3.17,2021,12,13,0,-2.2,23.2,11.4,0
1443,2021-12-14,5.034,4.564,4.036,2.926,2021,12,14,1,3.7,33.8,18.2,1.2
1444,2021-12-15,5.994,4.932,5.016,3.382,2021,12,15,2,7.2,79.8,51.4,2.1
1445,2021-12-16,7.146,6.286,5.894,4.094,2021,12,16,3,6.4,88.8,55.8,0
1446,2021-12-17,4.468,3.74,3.518,2.36,2021,12,17,4,-5.6,36.4,17.6,0
1447,2021-12-18,2.316,1.79,1.64,1.56,2021,12,18,5,-5.7,23.4,11.0,2.8
1448,2021-12-19,1.77,1.682,1.306,1.212,2021,12,19,6,-0.8,32.2,14.2,0.2
1449,2021-12-20,5.364,4.868,4.824,3.132,2021,12,20,0,5.2,55.2,28.6,0
1450,2021-12-21,6.468,5.618,5.328,3.636,2021,12,21,1,5.2,69.0,40.4,0
1451,2021-12-22,6.436,5.612,5.634,3.742,2021,12,22,2,2.2,34.2,17.6,0
1452,2021-12-23,6.668,5.69,5.812,3.898,2021,12,23,3,2.7,45.2,25.8,0
1453,2021-12-24,5.02,4.028,3.99,3.092,2021,12,24,4,-0.3,48.8,31.6,0.2
1454,2021-12-25,1.946,1.474,1.148,1.246,2021,12,25,5,-11.7,24.0,12.8,0
1455,2021-12-26,1.62,1.378,0.992,1.004,2021,12,26,6,-12.1,16.4,8.6,0
1456,2021-12-27,3.83,3.416,2.908,2.35,2021,12,27,0,-7.6,29.6,16.8,0
1457,2021-12-28,4.51,3.89,3.714,2.7,2021,12,28,1,-4.1,49.4,35.4,0
1458,2021-12-29,4.49,3.524,3.66,2.524,2021,12,29,2,0.4,62.0,44.8,0.2
1459,2021-12-30,4.444,3.574,3.53,2.506,2021,12,30,3,-3.9,28.2,14.6,0
1460,2021-12-31,3.616,3.21,2.62,2.146,2021,12,31,4,-6.7,21.8,6.2,0
